ACC_YEAR,SGG_CD,SGG_NM,BJDONG_CD,BJDONG_NM,LAND_GBN,LAND_GBN_NM,BONBEON,BUBEON,BLDG_NM,DEAL_YMD,OBJ_AMT,BLDG_AREA,TOT_AREA,FLOOR,RIGHT_GBN,CNTL_YMD,BUILD_YEAR,HOUSE_TYPE,REQ_GBN,RDEALER_LAWDNM
2023,11560,영등포구,13000,양평동6가,1,대지,0075,0012,선유도윤영빌B동,20230504,48400,46.74,27.64,2.0,,,2023,연립다세대,직거래,
2023,11560,영등포구,13000,양평동6가,1,대지,0075,0012,선유도윤영빌B동,20230504,49000,46.74,27.64,4.0,,,2023,연립다세대,직거래,
2023,11560,영등포구,13000,양평동6가,1,대지,0075,0012,선유도윤영빌B동,20230504,47500,46.76,27.65,4.0,,,2023,연립다세대,직거래,
2023,11560,영등포구,13000,양평동6가,1,대지,0075,0012,선유도윤영빌B동,20230504,46650,46.76,27.65,2.0,,,2023,연립다세대,직거래,
2023,11560,영등포구,13000,양평동6가,1,대지,0075,0012,선유도윤영빌B동,20230504,47200,46.76,27.65,3.0,,,2023,연립다세대,직거래,
2023,11560,영등포구,13000,양평동6가,1,대지,0075,0012,선유도윤영빌B동,20230504,46600,47.62,28.16,2.0,,,2023,연립다세대,직거래,
2023,11560,영등포구,13000,양평동6가,1,대지,0075,0012,선유도윤영빌B동,20230504,47200,47.62,28.16,3.0,,,2023,연립다세대,직거래,
2023,11560,영등포구,13000,양평동6가,1,대지,0075,0012,선유도윤영빌B동,20230504,47300,47.72,28.22,5.0,,,2023,연립다세대,직거래,
2023,11560,영등포구,13000,양평동6가,1,대지,0075,0012,선유도윤영빌B동,20230504,47300,48.7,28.8,2.0,,,2023,연립다세대,직거래,
2023,11560,영등포구,13000,양평동6가,1,대지,0075,0012,선유도윤영빌B동,20230504,47900,48.7,28.8,3.0,,,2023,연립다세대,직거래,
2023,11560,영등포구,13000,양평동6가,1,대지,0075,0012,선유도윤영빌B동,20230504,47550,48.92,28.93,2.0,,,2023,연립다세대,직거래,
2023,11560,영등포구,13000,양평동6가,1,대지,0075,0012,선유도윤영빌B동,20230504,48150,48.92,28.93,3.0,,,2023,연립다세대,직거래,
2023,11560,영등포구,13000,양평동6가,1,대지,0075,0012,선유도윤영빌B동,20230504,48200,49.96,29.55,3.0,,,2023,연립다세대,직거래,
2023,11560,영등포구,13000,양평동6가,1,대지,0075,0012,선유도윤영빌B동,20230504,47600,49.96,29.55,2.0,,,2023,연립다세대,직거래,
2023,11560,영등포구,13000,양평동6가,1,대지,0075,0012,선유도윤영빌B동,20230504,50000,50.81,30.05,5.0,,,2023,연립다세대,직거래,
2023,11560,영등포구,13000,양평동6가,1,대지,0075,0012,선유도윤영빌B동,20230504,51150,51.93,30.72,5.0,,,2023,연립다세대,직거래,
2023,11560,영등포구,13000,양평동6가,1,대지,0075,0012,선유도윤영빌B동,20230504,53850,52.72,31.18,5.0,,,2023,연립다세대,직거래,
2023,11560,영등포구,13000,양평동6가,1,대지,0075,0012,선유도윤영빌B동,20230504,56950,55.05,32.56,5.0,,,2023,연립다세대,직거래,
2023,11560,영등포구,13000,양평동6가,1,대지,0075,0012,선유도윤영빌B동,20230504,56600,56.1,33.18,5.0,,,2023,연립다세대,직거래,
2023,11560,영등포구,13000,양평동6가,1,대지,0075,0012,선유도윤영빌B동,20230504,58200,59.2,35.02,4.0,,,2023,연립다세대,직거래,
2023,11560,영등포구,13000,양평동6가,1,대지,0075,0012,선유도윤영빌B동,20230504,58300,59.24,35.04,4.0,,,2023,연립다세대,직거래,
2023,11560,영등포구,13000,양평동6가,1,대지,0075,0012,선유도윤영빌B동,20230504,60200,65.96,39.01,4.0,,,2023,연립다세대,직거래,
2023,11560,영등포구,13000,양평동6가,1,대지,0075,0013,선유도윤영빌C동,20230504,44500,44.35,26.29,5.0,,,2023,연립다세대,직거래,
2023,11560,영등포구,13000,양평동6가,1,대지,0075,0013,선유도윤영빌C동,20230504,46500,47.54,28.18,5.0,,,2023,연립다세대,직거래,
2023,11560,영등포구,13000,양평동6가,1,대지,0075,0013,선유도윤영빌C동,20230504,46550,47.56,28.19,5.0,,,2023,연립다세대,직거래,
2023,11560,영등포구,13000,양평동6가,1,대지,0075,0013,선유도윤영빌C동,20230504,48450,47.99,28.45,3.0,,,2023,연립다세대,직거래,
2023,11560,영등포구,13000,양평동6가,1,대지,0075,0013,선유도윤영빌C동,20230504,47850,47.99,28.84,2.0,,,2023,연립다세대,직거래,
2023,11560,영등포구,13000,양평동6가,1,대지,0075,0013,선유도윤영빌C동,20230504,47600,48.36,28.67,5.0,,,2023,연립다세대,직거래,
2023,11560,영등포구,13000,양평동6가,1,대지,0075,0013,선유도윤영빌C동,20230504,46850,48.57,28.79,5.0,,,2023,연립다세대,직거래,
2023,11560,영등포구,13000,양평동6가,1,대지,0075,0013,선유도윤영빌C동,20230504,49500,49.34,29.25,4.0,,,2023,연립다세대,직거래,
2023,11560,영등포구,13000,양평동6가,1,대지,0075,0013,선유도윤영빌C동,20230504,49650,50.76,30.09,4.0,,,2023,연립다세대,직거래,
2023,11560,영등포구,13000,양평동6가,1,대지,0075,0013,선유도윤영빌C동,20230504,49000,50.76,30.09,5.0,,,2023,연립다세대,직거래,
2023,11560,영등포구,13000,양평동6가,1,대지,0075,0013,선유도윤영빌C동,20230504,49800,51.6,30.59,4.0,,,2023,연립다세대,직거래,
2023,11560,영등포구,13000,양평동6가,1,대지,0075,0013,선유도윤영빌C동,20230504,49800,51.62,30.6,4.0,,,2023,연립다세대,직거래,
2023,11560,영등포구,13000,양평동6가,1,대지,0075,0013,선유도윤영빌C동,20230504,51300,51.76,30.68,3.0,,,2023,연립다세대,직거래,
2023,11560,영등포구,13000,양평동6가,1,대지,0075,0013,선유도윤영빌C동,20230504,50650,51.76,30.68,2.0,,,2023,연립다세대,직거래,
2023,11560,영등포구,13000,양평동6가,1,대지,0075,0013,선유도윤영빌C동,20230504,51350,51.85,30.74,4.0,,,2023,연립다세대,직거래,
2023,11560,영등포구,13000,양평동6가,1,대지,0075,0013,선유도윤영빌C동,20230504,51850,52.74,31.26,4.0,,,2023,연립다세대,직거래,
2023,11560,영등포구,13000,양평동6가,1,대지,0075,0013,선유도윤영빌C동,20230504,51500,53.67,31.82,2.0,,,2023,연립다세대,직거래,
2023,11560,영등포구,13000,양평동6가,1,대지,0075,0013,선유도윤영빌C동,20230504,52150,53.67,31.82,3.0,,,2023,연립다세대,직거래,
2023,11560,영등포구,13000,양평동6가,1,대지,0075,0013,선유도윤영빌C동,20230504,51500,53.68,31.82,2.0,,,2023,연립다세대,직거래,
2023,11560,영등포구,13000,양평동6가,1,대지,0075,0013,선유도윤영빌C동,20230504,52200,53.68,31.82,3.0,,,2023,연립다세대,직거래,
2023,11560,영등포구,13000,양평동6가,1,대지,0075,0013,선유도윤영빌C동,20230504,51200,53.72,31.84,2.0,,,2023,연립다세대,직거래,
2023,11560,영등포구,13000,양평동6가,1,대지,0075,0013,선유도윤영빌C동,20230504,51850,53.72,31.84,3.0,,,2023,연립다세대,직거래,
2023,11560,영등포구,13000,양평동6가,1,대지,0075,0013,선유도윤영빌C동,20230504,50600,53.83,31.91,2.0,,,2023,연립다세대,직거래,
2023,11560,영등포구,13000,양평동6가,1,대지,0075,0013,선유도윤영빌C동,20230504,51300,53.83,31.91,3.0,,,2023,연립다세대,직거래,
2023,11560,영등포구,13000,양평동6가,1,대지,0075,0013,선유도윤영빌C동,20230504,52450,54.69,32.42,3.0,,,2023,연립다세대,직거래,
2023,11560,영등포구,13000,양평동6가,1,대지,0075,0013,선유도윤영빌C동,20230504,51750,54.69,32.42,2.0,,,2023,연립다세대,직거래,
2023,11560,영등포구,13000,양평동6가,1,대지,0075,0013,선유도윤영빌C동,20230504,56250,56.42,33.45,5.0,,,2023,연립다세대,직거래,
2023,11560,영등포구,13000,양평동6가,1,대지,0075,0013,선유도윤영빌C동,20230504,53950,57.07,33.83,2.0,,,2023,연립다세대,직거래,
2023,11560,영등포구,13000,양평동6가,1,대지,0075,0013,선유도윤영빌C동,20230504,54300,57.07,33.83,3.0,,,2023,연립다세대,직거래,
2023,11560,영등포구,13000,양평동6가,1,대지,0075,0013,선유도윤영빌C동,20230504,53650,57.48,34.07,3.0,,,2023,연립다세대,직거래,
2023,11560,영등포구,13000,양평동6가,1,대지,0075,0013,선유도윤영빌C동,20230504,53250,57.48,34.07,2.0,,,2023,연립다세대,직거래,
2023,11560,영등포구,13000,양평동6가,1,대지,0075,0013,선유도윤영빌C동,20230504,61350,58.96,34.95,4.0,,,2023,연립다세대,직거래,
2023,11560,영등포구,13000,양평동6가,1,대지,0075,0013,선유도윤영빌C동,20230504,60700,59.79,35.44,4.0,,,2023,연립다세대,직거래,
2023,11560,영등포구,13000,양평동6가,1,대지,0075,0013,선유도윤영빌C동,20230504,60700,59.79,35.44,5.0,,,2023,연립다세대,직거래,
2023,11560,영등포구,10100,영등포동,1,대지,0647,0000,영등포푸르지오,20230504,92500,73.13,0.0,13.0,,,2002,아파트,중개거래,서울 영등포구
2023,11560,영등포구,12500,양평동1가,1,대지,0271,0000,영등포중흥에스클래스,20230504,97500,59.97,0.0,14.0,,,2021,아파트,중개거래,서울 영등포구
2023,11560,영등포구,11000,여의도동,1,대지,0055,0001,대우트럼프월드Ⅰ,20230503,223000,152.62,0.0,30.0,,,2002,아파트,중개거래,서울 영등포구
2023,11560,영등포구,10300,영등포동2가,1,대지,0332,0003,밀레니엄시티,20230503,19000,31.06,44.93,10.0,,,2018,오피스텔,중개거래,서울 영등포구
2023,11560,영등포구,13300,대림동,1,대지,1123,0000,한솔솔파크,20230503,84000,93.05,0.0,11.0,,,2008,아파트,직거래,
2023,11560,영등포구,12600,양평동2가,1,대지,0043,0011,디에이원파크,20230503,25500,29.98,41.14,9.0,,,2017,오피스텔,중개거래,서울 영등포구
2023,11560,영등포구,10500,영등포동4가,1,대지,0103,0000,영등포그랑그루,20230503,14000,12.1,0.0,8.0,,,2012,아파트,중개거래,서울 영등포구
2023,11560,영등포구,13200,신길동,1,대지,4950,0000,래미안에스티움,20230503,104500,59.95,0.0,14.0,,,2017,아파트,중개거래,서울 영등포구
2023,11560,영등포구,11200,당산동2가,,,,,,20230503,75000,189.7,82.6,0.0,,,1992,단독다가구,중개거래,서울 영등포구
2023,11560,영등포구,13200,신길동,1,대지,0189,0010,도원빌라(189-10),20230502,20000,28.18,11.05,1.0,,,2001,연립다세대,중개거래,서울 영등포구
2023,11560,영등포구,13200,신길동,,,,,,20230502,149000,112.85,50.0,0.0,,,1969,단독다가구,중개거래,서울 영등포구
2023,11560,영등포구,13200,신길동,1,대지,4958,0000,보라매에스케이뷰,20230502,132500,84.98,0.0,21.0,,,2020,아파트,중개거래,서울 영등포구
2023,11560,영등포구,11000,여의도동,1,대지,0047,0000,여의도자이,20230502,243000,125.71,0.0,13.0,,,2008,아파트,중개거래,서울 영등포구
2023,11560,영등포구,10500,영등포동4가,1,대지,0103,0000,영등포그랑그루,20230502,11500,12.1,0.0,10.0,,,2012,아파트,직거래,
2023,11560,영등포구,13300,대림동,1,대지,1127,0000,e편한세상영등포아델포레,20230502,94500,59.97,0.0,11.0,,,2020,아파트,중개거래,서울 영등포구
2023,11560,영등포구,11500,당산동5가,1,대지,0042,0000,당산삼성래미안4차,20230502,168000,97.27,0.0,14.0,,,2003,아파트,중개거래,서울 영등포구
2023,11560,영등포구,10700,영등포동6가,1,대지,0121,0006,현대하이츠,20230502,29300,29.01,14.23,5.0,,,2018,연립다세대,직거래,
2023,11560,영등포구,13200,신길동,1,대지,0389,0000,대성유니드,20230502,60000,58.16,0.0,9.0,,,2003,아파트,중개거래,서울 영등포구
2023,11560,영등포구,13200,신길동,1,대지,0150,0003,쌍용프라임,20230502,40500,42.43,28.34,3.0,,,2019,연립다세대,직거래,
2023,11560,영등포구,11000,여의도동,1,대지,0044,0005,힐스테이트 여의도 파인루체,20230502,119000,77.93,111.66,15.0,,,2023,오피스텔,중개거래,서울 영등포구
2023,11560,영등포구,12700,양평동3가,1,대지,0101,0000,양평현대6차,20230501,103000,84.94,0.0,21.0,,,2000,아파트,중개거래,서울 영등포구
2023,11560,영등포구,13300,대림동,1,대지,1101,0007,G밸리소홈,20230501,15550,16.1,0.0,16.0,,,2018,아파트,중개거래,서울 구로구
2023,11560,영등포구,11200,당산동2가,1,대지,0016,0001,당산대우,20230501,35000,32.62,0.0,23.0,,,1999,아파트,중개거래,서울 영등포구
2023,11560,영등포구,12700,양평동3가,1,대지,0090,0001,거성파스텔,20230501,77000,59.96,0.0,17.0,,,1999,아파트,중개거래,서울 영등포구
2023,11560,영등포구,11500,당산동5가,1,대지,0007,0002,유원제일2차,20230501,130000,84.6,0.0,7.0,,,1984,아파트,중개거래,서울 영등포구
2023,11560,영등포구,12600,양평동2가,1,대지,0045,0000,상록수,20230501,57500,59.67,0.0,20.0,,,1999,아파트,중개거래,서울 영등포구
2023,11560,영등포구,11000,여의도동,1,대지,0042,0000,한양,20230501,240000,149.59,0.0,1.0,,,1975,아파트,중개거래,"서울 서대문구, 서울 영등포구"
2023,11560,영등포구,13300,대림동,1,대지,1127,0000,e편한세상영등포아델포레,20230501,89500,59.97,0.0,17.0,,,2020,아파트,중개거래,서울 영등포구
2023,11560,영등포구,12800,양평동4가,1,대지,0003,0003,브릴리언트양평2차,20230501,37000,20.31,7.26,9.0,,,2022,연립다세대,직거래,
2023,11560,영등포구,11500,당산동5가,1,대지,0042,0000,당산삼성래미안4차,20230501,172000,115.78,0.0,12.0,,,2003,아파트,중개거래,서울 영등포구
2023,11560,영등포구,11400,당산동4가,1,대지,0099,0000,당산롯데캐슬프레스티지,20230430,136000,84.98,0.0,6.0,,,2017,아파트,중개거래,서울 영등포구
2023,11560,영등포구,11500,당산동5가,1,대지,0007,0002,유원제일2차,20230430,145000,123.76,0.0,6.0,,,1984,아파트,중개거래,서울 영등포구
2023,11560,영등포구,13200,신길동,1,대지,4518,0000,우성2,20230429,100000,84.47,0.0,1.0,,,1986,아파트,중개거래,서울 영등포구
2023,11560,영등포구,13300,대림동,1,대지,1101,0007,G밸리소홈,20230429,15500,16.1,0.0,10.0,,,2018,아파트,중개거래,서울 영등포구
2023,11560,영등포구,10800,영등포동7가,1,대지,0208,0000,포레나영등포센트럴,20230429,95000,59.9,0.0,13.0,,,2020,아파트,중개거래,서울 영등포구
2023,11560,영등포구,11400,당산동4가,1,대지,0030,0001,당산현대5차,20230429,91500,59.75,0.0,1.0,,,2000,아파트,중개거래,서울 영등포구
2023,11560,영등포구,13200,신길동,1,대지,4945,0000,래미안영등포프레비뉴,20230429,117500,84.98,0.0,8.0,,,2015,아파트,중개거래,서울 영등포구
2023,11560,영등포구,11200,당산동2가,1,대지,0164,0000,당산2가현대홈타운,20230428,103000,82.77,0.0,18.0,,,1994,아파트,중개거래,서울 영등포구
2023,11560,영등포구,12400,문래동6가,1,대지,0002,0002,문래동 현대홈시티2,20230428,44500,56.87,70.5,7.0,,,2004,오피스텔,중개거래,서울 영등포구
2023,11560,영등포구,13200,신길동,1,대지,4958,0000,보라매에스케이뷰,20230428,145000,100.95,0.0,10.0,,,2020,아파트,중개거래,서울 영등포구
2023,11560,영등포구,13000,양평동6가,1,대지,0099,0000,한솔,20230428,72000,84.13,0.0,5.0,,,1999,아파트,중개거래,서울 영등포구
2023,11560,영등포구,11000,여의도동,1,대지,0052,0000,은하,20230428,178000,121.51,0.0,4.0,,,1974,아파트,중개거래,서울 영등포구
2023,11560,영등포구,13200,신길동,1,대지,4964,0000,신길센트럴자이아파트,20230428,129000,84.98,0.0,7.0,,,2021,아파트,중개거래,서울 영등포구
2023,11560,영등포구,11500,당산동5가,1,대지,0009,0002,당산 삼성쉐르빌,20230428,20500,24.8,37.07,17.0,,,2013,오피스텔,중개거래,서울 영등포구
2023,11560,영등포구,13200,신길동,,,,,,20230428,54000,112.76,52.89,0.0,,,1983,단독다가구,직거래,
2023,11560,영등포구,12700,양평동3가,1,대지,0034,0000,양평역 대우미래사랑,20230427,65000,77.37,94.7,6.0,,,2004,오피스텔,직거래,
2023,11560,영등포구,13200,신길동,,,,,,20230427,68800,165.8,76.0,0.0,,,1996,단독다가구,중개거래,서울 영등포구
2023,11560,영등포구,13200,신길동,1,대지,4497,0000,보라매두산위브,20230427,87000,84.96,0.0,12.0,,,2005,아파트,중개거래,서울 동작구
2023,11560,영등포구,12400,문래동6가,1,대지,0029,0001,문래투웨니퍼스트,20230427,26800,27.59,37.94,11.0,,,2018,오피스텔,중개거래,서울 영등포구
2023,11560,영등포구,12400,문래동6가,1,대지,0047,0001,대원,20230427,65000,59.99,0.0,7.0,,,1998,아파트,중개거래,서울 영등포구
2023,11560,영등포구,13200,신길동,1,대지,1343,0000,대방전철,20230427,75000,75.88,0.0,3.0,,,1976,아파트,중개거래,서울 영등포구
2023,11560,영등포구,13000,양평동6가,1,대지,0095,0004,리츠뷰,20230426,47000,57.01,0.0,4.0,,,2014,아파트,중개거래,서울 영등포구
2023,11560,영등포구,12300,문래동5가,1,대지,0002,0000,대륭오피스텔,20230426,16000,38.76,57.67,8.0,,,1992,오피스텔,중개거래,서울 영등포구
2023,11560,영등포구,13300,대림동,1,대지,0785,0001,현대1,20230426,73000,84.75,0.0,10.0,,,1992,아파트,중개거래,서울 영등포구
2023,11560,영등포구,10200,영등포동1가,1,대지,0127,0000,신한헤스티아,20230426,24500,29.01,46.14,3.0,,,2016,오피스텔,중개거래,서울 영등포구
2023,11560,영등포구,13200,신길동,1,대지,0364,0000,건영,20230426,88000,75.93,0.0,12.0,,,1985,아파트,중개거래,서울 영등포구
2023,11560,영등포구,13200,신길동,1,대지,0365,0000,우성1,20230425,80000,49.64,0.0,6.0,,,1986,아파트,직거래,
2023,11560,영등포구,10300,영등포동2가,1,대지,0094,0154,여의도 디앤써밋,20230425,18000,17.12,19.64,6.0,,,2019,오피스텔,중개거래,서울 영등포구
2023,11560,영등포구,12300,문래동5가,1,대지,0021,0000,현대3차,20230425,69000,84.44,0.0,4.0,,,1991,아파트,중개거래,"경기 부천시, 서울 영등포구"
2023,11560,영등포구,11500,당산동5가,1,대지,0009,0002,당산 삼성쉐르빌,20230425,20900,27.19,40.64,17.0,,,2013,오피스텔,중개거래,서울 영등포구
2023,11560,영등포구,12300,문래동5가,1,대지,0023,0004,명지 페르마타,20230425,10300,25.93,35.2,2.0,,,2004,오피스텔,중개거래,서울 영등포구
2023,11560,영등포구,13200,신길동,1,대지,4958,0000,보라매에스케이뷰,20230425,110000,84.98,0.0,10.0,,,2020,아파트,중개거래,"서울 양천구, 서울 영등포구"
2023,11560,영등포구,12900,양평동5가,1,대지,0076,0000,양평한신,20230425,77000,59.94,0.0,5.0,,,1996,아파트,중개거래,서울 영등포구
2023,11560,영등포구,11400,당산동4가,1,대지,0030,0001,당산현대5차,20230425,92800,59.75,0.0,10.0,,,2000,아파트,중개거래,서울 영등포구
2023,11560,영등포구,11000,여의도동,1,대지,0028,0000,광장,20230425,183000,102.35,0.0,6.0,,,1978,아파트,중개거래,서울 영등포구
2023,11560,영등포구,13300,대림동,1,대지,0687,0000,다청림2동,20230424,54500,78.15,0.0,7.0,,,2008,아파트,중개거래,서울 영등포구
2023,11560,영등포구,11000,여의도동,1,대지,0047,0000,여의도자이,20230424,240000,148.94,0.0,6.0,,,2008,아파트,직거래,
2023,11560,영등포구,13300,대림동,1,대지,0696,0000,우성1,20230424,87500,83.59,0.0,4.0,,,1985,아파트,중개거래,서울 영등포구
2023,11560,영등포구,13300,대림동,1,대지,0608,0001,현대3차,20230424,102500,140.54,0.0,3.0,,,1997,아파트,중개거래,서울 영등포구
2023,11560,영등포구,12100,문래동3가,1,대지,0094,0000,문래힐스테이트,20230424,145000,119.47,0.0,7.0,,,2003,아파트,중개거래,서울 영등포구
2023,11560,영등포구,12700,양평동3가,1,대지,0017,0001,양평동 우림보보카운티 오피스텔,20230424,8450,16.25,24.43,11.0,,,2003,오피스텔,중개거래,서울 영등포구
2023,11560,영등포구,11400,당산동4가,1,대지,0099,0000,당산롯데캐슬프레스티지,20230424,129000,84.99,0.0,25.0,,,2017,아파트,중개거래,서울 영등포구
2023,11560,영등포구,13200,신길동,1,대지,4934,0000,삼성래미안,20230424,74400,59.33,0.0,14.0,,,2001,아파트,중개거래,서울 영등포구
2023,11560,영등포구,12100,문래동3가,1,대지,0099,0000,예지팰리스77차,20230424,56000,57.38,0.0,9.0,,,2015,아파트,중개거래,서울 영등포구
2023,11560,영등포구,11300,당산동3가,1,대지,0565,0000,당산계룡리슈빌3단지,20230423,74000,49.99,0.0,18.0,,,2014,아파트,중개거래,서울 영등포구
2023,11560,영등포구,11300,당산동3가,1,대지,0564,0000,당산계룡리슈빌1단지,20230423,63500,38.77,0.0,19.0,,,2014,아파트,중개거래,서울 영등포구
2023,11560,영등포구,11400,당산동4가,1,대지,0030,0001,당산현대5차,20230423,113500,84.69,0.0,17.0,,,2000,아파트,중개거래,서울 영등포구
2023,11560,영등포구,13300,대림동,1,대지,1127,0000,e편한세상영등포아델포레,20230423,107500,84.99,0.0,9.0,,,2020,아파트,중개거래,서울 영등포구
2023,11560,영등포구,13300,대림동,1,대지,0608,0001,현대3차,20230423,82000,84.89,0.0,3.0,,,1997,아파트,중개거래,서울 영등포구
2023,11560,영등포구,12900,양평동5가,1,대지,0076,0000,양평한신,20230423,78000,59.94,0.0,5.0,,,1996,아파트,중개거래,서울 영등포구
2023,11560,영등포구,12300,문래동5가,1,대지,0023,0004,명지 페르마타,20230423,10800,25.93,35.2,9.0,,,2004,오피스텔,중개거래,서울 영등포구
2023,11560,영등포구,13200,신길동,1,대지,4945,0000,래미안영등포프레비뉴,20230423,119000,84.98,0.0,13.0,,,2015,아파트,중개거래,서울 영등포구
2023,11560,영등포구,10300,영등포동2가,1,대지,0284,0004,루브르하우스,20230423,27900,36.34,45.44,3.0,,,2018,오피스텔,중개거래,서울 용산구
2023,11560,영등포구,11500,당산동5가,1,대지,0009,0002,당산 삼성쉐르빌,20230422,22000,25.92,38.75,11.0,,,2013,오피스텔,중개거래,서울 영등포구
2023,11560,영등포구,12400,문래동6가,1,대지,0054,0000,문래미원,20230422,66000,59.4,0.0,10.0,,,1996,아파트,중개거래,서울 영등포구
2023,11560,영등포구,13300,대림동,1,대지,1132,0000,영등포자이르네,20230422,62000,49.01,0.0,17.0,,,2022,아파트,중개거래,"서울 관악구, 서울 영등포구"
2023,11560,영등포구,11200,당산동2가,1,대지,0164,0000,당산2가현대홈타운,20230422,96500,82.77,0.0,14.0,,,1994,아파트,중개거래,서울 영등포구
2023,11560,영등포구,10800,영등포동7가,1,대지,0208,0000,포레나영등포센트럴,20230422,103200,59.9,0.0,20.0,,,2020,아파트,중개거래,서울 영등포구
2023,11560,영등포구,11500,당산동5가,1,대지,0043,0000,당산센트럴아이파크,20230422,123000,59.98,0.0,24.0,,,2020,아파트,중개거래,서울 영등포구
2023,11560,영등포구,13300,대림동,1,대지,0650,0000,성원(650),20230422,61000,59.63,0.0,24.0,,,1995,아파트,중개거래,서울 영등포구
2023,11560,영등포구,12400,문래동6가,1,대지,0045,0000,현대2차,20230422,54000,41.04,0.0,7.0,,,1987,아파트,중개거래,서울 영등포구
2023,11560,영등포구,13200,신길동,1,대지,4964,0000,신길센트럴자이아파트,20230422,104000,59.98,0.0,6.0,,,2021,아파트,중개거래,서울 영등포구
2023,11560,영등포구,11300,당산동3가,1,대지,0395,0044,삼현스위트홈(395-44),20230422,33200,56.52,27.55,4.0,,,2003,연립다세대,중개거래,서울 영등포구
2023,11560,영등포구,11000,여의도동,1,대지,0012,0003,(주)신한 여의도 드림리버 오피스텔,20230422,25000,24.5,36.7,11.0,,,2019,오피스텔,중개거래,서울 영등포구
2023,11560,영등포구,12600,양평동2가,1,대지,0019,0001,한경 LAXEPLACE,20230421,27800,24.11,30.8,3.0,,,2021,오피스텔,직거래,
2023,11560,영등포구,11500,당산동5가,1,대지,0033,0001,당산역 한강포스빌,20230421,18000,29.23,41.21,12.0,,,2005,오피스텔,중개거래,서울 영등포구
2023,11560,영등포구,11000,여의도동,1,대지,0061,0000,리첸시아,20230421,245000,164.86,0.0,16.0,,,2003,아파트,중개거래,서울 영등포구
2023,11560,영등포구,12600,양평동2가,1,대지,0019,0001,한경 LAXEPLACE,20230421,27500,24.11,30.8,2.0,,,2021,오피스텔,직거래,
2023,11560,영등포구,10600,영등포동5가,1,대지,0088,0000,휴젠느,20230421,28000,38.01,51.87,5.0,,,2019,오피스텔,중개거래,서울 영등포구
2023,11560,영등포구,13200,신길동,1,대지,4934,0000,삼성래미안,20230421,76000,84.91,0.0,4.0,,,2001,아파트,중개거래,서울 영등포구
2023,11560,영등포구,11000,여의도동,1,대지,0011,0011,한서리버파크,20230421,56000,48.04,62.92,7.0,,,1991,오피스텔,중개거래,"서울 마포구, 서울 영등포구"
2023,11560,영등포구,13300,대림동,,,,,,20230421,80000,127.6,132.0,0.0,,,1979,단독다가구,중개거래,서울 영등포구
2023,11560,영등포구,13300,대림동,1,대지,0751,0045,미래스위트하우스씨동,20230421,32500,58.39,31.41,2.0,,,2015,연립다세대,직거래,
2023,11560,영등포구,12700,양평동3가,1,대지,0101,0000,양평현대6차,20230421,100000,84.94,0.0,19.0,,,2000,아파트,중개거래,서울 영등포구
2023,11560,영등포구,13200,신길동,1,대지,4945,0000,래미안영등포프레비뉴,20230421,96000,59.99,0.0,5.0,,,2015,아파트,중개거래,서울 영등포구
2023,11560,영등포구,10100,영등포동,1,대지,0647,0000,영등포푸르지오,20230420,89000,84.91,0.0,18.0,,,2002,아파트,직거래,
2023,11560,영등포구,11200,당산동2가,1,대지,0164,0000,당산2가현대홈타운,20230420,95000,82.77,0.0,11.0,,,1994,아파트,중개거래,서울 영등포구
2023,11560,영등포구,10600,영등포동5가,1,대지,0088,0000,휴젠느,20230420,33000,38.01,51.87,4.0,,,2019,오피스텔,중개거래,서울 영등포구
2023,11560,영등포구,13200,신길동,1,대지,4937,0000,한화꿈에그린,20230420,90800,84.58,0.0,2.0,,,2008,아파트,직거래,
2023,11560,영등포구,10200,영등포동1가,1,대지,0110,0006,여의도 노블루체91,20230420,27300,20.5,29.45,16.0,,,2021,오피스텔,중개거래,서울 영등포구
2023,11560,영등포구,11200,당산동2가,1,대지,0164,0000,당산2가현대홈타운,20230419,93000,82.77,0.0,5.0,,,1994,아파트,중개거래,서울 영등포구
2023,11560,영등포구,10300,영등포동2가,1,대지,0094,0119,	(94-119)	,20230419,7000,25.74,37.74,6.0,,,1992,오피스텔,중개거래,서울 영등포구
2023,11560,영등포구,13200,신길동,1,대지,0022,0005,대우 디오빌 골든뷰 오피스텔,20230419,15000,28.29,37.79,8.0,,,2004,오피스텔,직거래,
2023,11560,영등포구,11000,여의도동,1,대지,0050,0000,시범,20230419,220000,118.12,0.0,10.0,,,1971,아파트,중개거래,서울 영등포구
2023,11560,영등포구,13200,신길동,1,대지,0261,0022,신길레전드힐스,20230419,10350,13.74,0.0,10.0,,,2013,아파트,중개거래,서울 영등포구
2023,11560,영등포구,12700,양평동3가,1,대지,0054,0000,양평동 대우이안2,20230419,61000,82.02,99.64,11.0,,,2005,오피스텔,중개거래,서울 영등포구
2023,11560,영등포구,11000,여의도동,1,대지,0054,0000,진주,20230419,150000,72.0,0.0,9.0,,,1977,아파트,중개거래,서울 영등포구
2023,11560,영등포구,13000,양평동6가,1,대지,0094,0000,선유도역 더블파크 투웨니퍼스트,20230418,27300,28.42,38.15,2.0,,,2020,오피스텔,중개거래,서울 영등포구
2023,11560,영등포구,13200,신길동,1,대지,0410,0145,미성빌라,20230418,120000,51.72,51.67,3.0,,,1987,연립다세대,중개거래,서울 영등포구
2023,11560,영등포구,11400,당산동4가,1,대지,0099,0000,당산롯데캐슬프레스티지,20230418,129000,84.98,0.0,3.0,,,2017,아파트,중개거래,서울 영등포구
2023,11560,영등포구,13200,신길동,1,대지,0410,0145,미성빌라,20230418,120000,48.93,49.12,2.0,,,1987,연립다세대,중개거래,서울 영등포구
2023,11560,영등포구,13200,신길동,1,대지,0410,0145,미성빌라,20230418,120000,48.93,49.12,3.0,,,1987,연립다세대,중개거래,서울 영등포구
2023,11560,영등포구,12100,문래동3가,1,대지,0054,0000,문래자이,20230418,123500,84.98,0.0,1.0,,,2001,아파트,중개거래,서울 영등포구
2023,11560,영등포구,13200,신길동,1,대지,0410,0145,미성빌라,20230418,120000,48.93,49.13,1.0,,,1987,연립다세대,중개거래,서울 영등포구
2023,11560,영등포구,13200,신길동,1,대지,0410,0145,미성빌라,20230418,120000,48.93,49.13,2.0,,,1987,연립다세대,중개거래,서울 영등포구
2023,11560,영등포구,13200,신길동,1,대지,0116,0017,라온아토,20230418,37000,22.16,7.74,4.0,,,2022,연립다세대,직거래,
2023,11560,영등포구,13200,신길동,1,대지,0410,0145,미성빌라,20230418,110000,48.93,49.13,1.0,,,1987,연립다세대,중개거래,서울 영등포구
2023,11560,영등포구,13200,신길동,1,대지,0410,0145,미성빌라,20230418,120000,48.93,49.12,3.0,,,1987,연립다세대,중개거래,서울 영등포구
2023,11560,영등포구,13200,신길동,1,대지,0410,0145,미성빌라,20230418,110000,46.14,46.58,3.0,,,1987,연립다세대,중개거래,서울 영등포구
2023,11560,영등포구,13200,신길동,1,대지,0410,0145,미성빌라,20230418,120000,48.93,49.13,3.0,,,1987,연립다세대,중개거래,서울 영등포구
2023,11560,영등포구,12800,양평동4가,1,대지,0217,0000,양화빌1차,20230417,21000,29.85,15.54,3.0,,,2010,연립다세대,중개거래,서울 영등포구
2023,11560,영등포구,13300,대림동,1,대지,0976,0003,신대림아트빌(976-3),20230417,35000,75.66,39.81,4.0,,,2003,연립다세대,중개거래,서울 영등포구
2023,11560,영등포구,11400,당산동4가,1,대지,0099,0000,당산롯데캐슬프레스티지,20230417,135500,84.98,0.0,8.0,,,2017,아파트,중개거래,서울 영등포구
2023,11560,영등포구,13300,대림동,1,대지,1124,0000,신대림신동아파밀리에,20230417,85000,84.96,0.0,8.0,,,2013,아파트,중개거래,서울 영등포구
2023,11560,영등포구,13200,신길동,1,대지,4955,0000,신길센트럴아이파크,20230417,118000,84.98,0.0,10.0,,,2019,아파트,중개거래,서울 영등포구
2023,11560,영등포구,11000,여의도동,1,대지,0061,0004,콤비빌딩,20230417,24300,57.34,64.45,2.0,,,1994,오피스텔,직거래,
2023,11560,영등포구,13300,대림동,1,대지,0607,0001,코오롱,20230417,65500,59.94,0.0,3.0,,,1998,아파트,중개거래,서울 영등포구
2023,11560,영등포구,13200,신길동,,,,,,20230417,56500,132.57,83.0,0.0,,,1991,단독다가구,중개거래,서울 영등포구
2023,11560,영등포구,11000,여의도동,1,대지,0014,0021,엘지여의도에클라트,20230417,21600,38.01,49.41,2.0,,,2003,오피스텔,중개거래,서울 영등포구
2023,11560,영등포구,12700,양평동3가,1,대지,0055,0001,경남아너스빌,20230417,68500,59.9,0.0,4.0,,,1998,아파트,중개거래,서울 영등포구
2023,11560,영등포구,13200,신길동,1,대지,4964,0000,신길센트럴자이아파트,20230416,127500,84.98,0.0,23.0,,,2021,아파트,중개거래,서울 영등포구
2023,11560,영등포구,11000,여의도동,1,대지,0017,0009,더하우스 소호 여의도 오피스텔,20230416,28900,26.87,44.56,10.0,,,2017,오피스텔,중개거래,서울 영등포구
2023,11560,영등포구,13200,신길동,1,대지,4945,0000,래미안영등포프레비뉴,20230415,96500,59.99,0.0,3.0,,,2015,아파트,중개거래,서울 영등포구
2023,11560,영등포구,13200,신길동,1,대지,0022,0005,대우 디오빌 골든뷰 오피스텔,20230415,18500,30.21,40.36,9.0,,,2004,오피스텔,중개거래,서울 영등포구
2023,11560,영등포구,13300,대림동,1,대지,0650,0000,성원(650),20230415,60000,59.63,0.0,13.0,,,1995,아파트,중개거래,서울 영등포구
2023,11560,영등포구,11500,당산동5가,1,대지,0043,0000,당산센트럴아이파크,20230415,122000,59.98,0.0,15.0,,,2020,아파트,중개거래,서울 영등포구
2023,11560,영등포구,13200,신길동,1,대지,4969,0000,힐스테이트클래시안,20230415,112000,59.91,0.0,22.0,,,2020,아파트,중개거래,서울 영등포구
2023,11560,영등포구,12300,문래동5가,1,대지,0014,0000,문래두산위브,20230415,74000,79.86,0.0,3.0,,,1988,아파트,중개거래,서울 영등포구
2023,11560,영등포구,13200,신길동,,,,,,20230415,89000,184.41,119.0,0.0,,,1991,단독다가구,중개거래,서울 영등포구
2023,11560,영등포구,12400,문래동6가,1,대지,0045,0000,현대2차,20230415,53300,41.04,0.0,8.0,,,1987,아파트,중개거래,서울 영등포구
2023,11560,영등포구,11700,당산동,1,대지,0376,0000,강변래미안,20230415,103500,79.43,0.0,2.0,,,2002,아파트,중개거래,서울 영등포구
2023,11560,영등포구,10100,영등포동,1,대지,0647,0000,영등포푸르지오,20230415,96500,73.13,0.0,19.0,,,2002,아파트,중개거래,서울 영등포구
2023,11560,영등포구,10100,영등포동,1,대지,0647,0000,영등포푸르지오,20230415,89000,59.91,0.0,2.0,,,2002,아파트,중개거래,서울 영등포구
2023,11560,영등포구,11800,도림동,1,대지,0821,0000,영등포아트자이,20230415,104500,84.97,0.0,13.0,,,2014,아파트,중개거래,서울 영등포구
2023,11560,영등포구,13200,신길동,1,대지,0440,0038,금빛하우스,20230415,38000,39.04,25.96,2.0,,,2017,연립다세대,중개거래,서울 영등포구
2023,11560,영등포구,10200,영등포동1가,1,대지,0094,0002,여의도더리브스타일,20230415,21000,14.84,0.0,23.0,,,2020,아파트,직거래,
2023,11560,영등포구,13200,신길동,1,대지,4950,0000,래미안에스티움,20230415,103000,59.95,0.0,15.0,,,2017,아파트,중개거래,서울 영등포구
2023,11560,영등포구,12700,양평동3가,1,대지,0102,0000,우림루미아트,20230414,79500,59.98,0.0,6.0,,,2004,아파트,중개거래,서울 영등포구
2023,11560,영등포구,11400,당산동4가,1,대지,0091,0000,유원제일,20230414,83550,64.08,0.0,3.0,,,1983,아파트,직거래,
2023,11560,영등포구,11000,여의도동,1,대지,0012,0003,(주)신한 여의도 드림리버 오피스텔,20230414,24800,24.5,36.7,7.0,,,2019,오피스텔,중개거래,서울 강남구
2023,11560,영등포구,11000,여의도동,1,대지,0028,0000,광장,20230414,237500,139.14,0.0,6.0,,,1978,아파트,중개거래,서울 영등포구
2023,11560,영등포구,11500,당산동5가,1,대지,0033,0001,당산역 한강포스빌,20230414,17000,30.43,42.89,11.0,,,2005,오피스텔,중개거래,서울 영등포구
2023,11560,영등포구,13200,신길동,1,대지,4955,0000,신길센트럴아이파크,20230414,109000,84.98,0.0,9.0,,,2019,아파트,직거래,
2023,11560,영등포구,10100,영등포동,1,대지,0647,0000,영등포푸르지오,20230413,84000,73.13,0.0,21.0,,,2002,아파트,중개거래,서울 영등포구
2023,11560,영등포구,10300,영등포동2가,1,대지,0139,0000,여의도리미티오148,20230413,37800,24.39,0.0,9.0,,,2022,아파트,직거래,
2023,11560,영등포구,12100,문래동3가,1,대지,0081,0000,세종에버그린,20230413,31000,27.21,14.2,5.0,,,2017,연립다세대,중개거래,서울 영등포구
2023,11560,영등포구,11000,여의도동,1,대지,0047,0000,여의도자이,20230413,315000,182.45,0.0,31.0,,,2008,아파트,중개거래,서울 영등포구
2023,11560,영등포구,13300,대림동,1,대지,1060,0020,BK빌라트,20230413,32500,35.23,22.88,2.0,,,2023,연립다세대,직거래,
2023,11560,영등포구,13300,대림동,1,대지,1060,0020,BK빌라트,20230413,32500,35.23,22.88,3.0,,,2023,연립다세대,직거래,
2023,11560,영등포구,11000,여의도동,1,대지,0043,0004,롯데캐슬아이비,20230413,160000,103.86,0.0,11.0,,,2005,아파트,중개거래,서울 영등포구
2023,11560,영등포구,13300,대림동,1,대지,1060,0020,BK빌라트,20230413,28700,29.45,19.13,3.0,,,2023,연립다세대,직거래,
2023,11560,영등포구,13200,신길동,1,대지,4656,0000,우성3,20230413,69200,53.24,0.0,12.0,,,1989,아파트,중개거래,"경기 광명시, 서울 영등포구"
2023,11560,영등포구,13300,대림동,1,대지,1060,0020,BK빌라트,20230413,46150,49.72,32.29,4.0,,,2023,연립다세대,직거래,
2023,11560,영등포구,13300,대림동,1,대지,1060,0020,BK빌라트,20230413,28700,29.45,19.13,3.0,,,2023,연립다세대,직거래,
2023,11560,영등포구,12300,문래동5가,1,대지,0023,0004,명지 페르마타,20230413,10300,25.93,35.2,9.0,,20230508,2004,오피스텔,중개거래,서울 영등포구
2023,11560,영등포구,13300,대림동,1,대지,1060,0020,BK빌라트,20230413,46150,49.72,32.29,4.0,,,2023,연립다세대,직거래,
2023,11560,영등포구,12800,양평동4가,1,대지,0246,0000,금강하우징,20230413,30000,27.14,14.18,5.0,,,2017,연립다세대,중개거래,서울 영등포구
2023,11560,영등포구,13300,대림동,1,대지,1060,0020,BK빌라트,20230413,32500,35.23,22.88,3.0,,,2023,연립다세대,직거래,
2023,11560,영등포구,13300,대림동,1,대지,1101,0001,(1101-1),20230413,12000,13.64,0.0,8.0,,,2012,아파트,중개거래,서울 영등포구
2023,11560,영등포구,13300,대림동,1,대지,1060,0020,BK빌라트,20230413,33150,34.95,22.69,5.0,,,2023,연립다세대,직거래,
2023,11560,영등포구,13300,대림동,1,대지,1060,0020,BK빌라트,20230413,33150,34.95,22.69,5.0,,,2023,연립다세대,직거래,
2023,11560,영등포구,13300,대림동,1,대지,1060,0020,BK빌라트,20230413,28700,29.45,19.13,2.0,,,2023,연립다세대,직거래,
2023,11560,영등포구,13300,대림동,1,대지,1060,0020,BK빌라트,20230413,28700,29.45,19.13,2.0,,,2023,연립다세대,직거래,
2023,11560,영등포구,10100,영등포동,1,대지,0647,0000,영등포푸르지오,20230413,92500,73.13,0.0,21.0,,,2002,아파트,중개거래,서울 영등포구
2023,11560,영등포구,13300,대림동,1,대지,1060,0020,BK빌라트,20230413,32500,35.23,22.88,2.0,,,2023,연립다세대,직거래,
2023,11560,영등포구,12400,문래동6가,1,대지,0055,0001,현대6차,20230412,79800,84.72,0.0,13.0,,,1997,아파트,중개거래,서울 영등포구
2023,11560,영등포구,12100,문래동3가,1,대지,0076,0001,국화맨션,20230412,127500,118.62,0.0,12.0,,,1983,아파트,중개거래,서울 영등포구
2023,11560,영등포구,13300,대림동,1,대지,1121,0000,신대림자이1단지,20230412,54000,84.61,0.0,10.0,,,2007,아파트,직거래,
2023,11560,영등포구,12400,문래동6가,1,대지,0058,0000,e편한세상 문래 에듀플라츠,20230412,60500,59.97,0.0,15.0,,,2020,아파트,직거래,
2023,11560,영등포구,13200,신길동,1,대지,0365,0000,우성1,20230412,79000,64.4,0.0,10.0,,,1986,아파트,중개거래,서울 영등포구
2023,11560,영등포구,13300,대림동,1,대지,1101,0007,G밸리소홈,20230412,13800,16.1,0.0,16.0,,,2018,아파트,중개거래,서울 영등포구
2023,11560,영등포구,11500,당산동5가,1,대지,0012,0000,당산효성1차,20230412,110000,84.9,0.0,4.0,,,1999,아파트,중개거래,서울 영등포구
2023,11560,영등포구,11700,당산동,1,대지,0374,0000,래미안당산1차,20230412,97000,59.97,0.0,14.0,,,1995,아파트,중개거래,서울 영등포구
2023,11560,영등포구,11800,도림동,1,대지,0269,0001,쌍용플래티넘시티2단지,20230411,90000,96.7,120.96,10.0,,,2006,오피스텔,중개거래,경기 안산단원구
2023,11560,영등포구,13200,신길동,1,대지,4958,0000,보라매에스케이뷰,20230411,160000,117.59,0.0,23.0,,,2020,아파트,중개거래,서울 영등포구
2023,11560,영등포구,12300,문래동5가,1,대지,0001,0000,문래대림,20230411,67000,59.96,0.0,19.0,,,2000,아파트,중개거래,서울 영등포구
2023,11560,영등포구,10800,영등포동7가,1,대지,0208,0000,포레나 영등포 센트럴,20230411,20500,19.31,35.15,21.0,,,2020,오피스텔,중개거래,서울 영등포구
2023,11560,영등포구,13300,대림동,1,대지,0777,0001,신동아,20230411,58000,67.41,0.0,2.0,,,1987,아파트,중개거래,서울 영등포구
2023,11560,영등포구,12100,문래동3가,1,대지,0097,0000,문래금호어울림,20230410,105000,84.99,0.0,13.0,,,2006,아파트,중개거래,서울 영등포구
2023,11560,영등포구,13200,신길동,1,대지,4950,0000,래미안에스티움,20230410,120000,84.92,0.0,3.0,,,2017,아파트,중개거래,서울 영등포구
2023,11560,영등포구,13200,신길동,1,대지,4958,0000,보라매에스케이뷰,20230410,131000,84.98,0.0,24.0,,,2020,아파트,중개거래,서울 영등포구
2023,11560,영등포구,10300,영등포동2가,1,대지,0214,0000,여의샛강 소미골드5차,20230410,26000,19.85,27.13,7.0,,,2022,오피스텔,직거래,
2023,11560,영등포구,13200,신길동,1,대지,0102,0008,우성4,20230410,84000,75.36,0.0,12.0,,,1991,아파트,중개거래,서울 영등포구
2023,11560,영등포구,13300,대림동,1,대지,1101,0007,G밸리소홈,20230409,14500,16.1,0.0,10.0,,,2018,아파트,중개거래,서울 영등포구
2023,11560,영등포구,13200,신길동,1,대지,0065,0021,프리가,20230409,14300,16.09,0.0,9.0,,,2013,아파트,중개거래,서울 영등포구
2023,11560,영등포구,11400,당산동4가,1,대지,0030,0001,당산현대5차,20230409,137000,114.84,0.0,15.0,,,2000,아파트,중개거래,서울 영등포구
2023,11560,영등포구,10800,영등포동7가,1,대지,0203,0000,아크로타워스퀘어,20230408,143000,84.65,0.0,25.0,,,2017,아파트,중개거래,서울 영등포구
2023,11560,영등포구,12700,양평동3가,1,대지,0054,0000,양평동 대우이안2,20230408,75000,94.79,115.15,15.0,,,2005,오피스텔,중개거래,서울 영등포구
2023,11560,영등포구,12700,양평동3가,1,대지,0101,0000,양평현대6차,20230408,85700,59.98,0.0,14.0,,,2000,아파트,중개거래,서울 영등포구
2023,11560,영등포구,13200,신길동,1,대지,4969,0000,힐스테이트클래시안,20230408,67000,42.68,0.0,24.0,,,2020,아파트,중개거래,서울 영등포구
2023,11560,영등포구,12400,문래동6가,1,대지,0045,0000,현대2차,20230408,54500,41.04,0.0,14.0,,,1987,아파트,중개거래,서울 영등포구
2023,11560,영등포구,11400,당산동4가,1,대지,0029,0000,한강아파트,20230408,75700,59.4,0.0,5.0,,,1999,아파트,중개거래,서울 영등포구
2023,11560,영등포구,10400,영등포동3가,1,대지,0019,0002,포레스트힐시티,20230408,10350,13.53,0.0,4.0,,,2014,아파트,중개거래,서울 영등포구
2023,11560,영등포구,12800,양평동4가,1,대지,0170,0000,파크빌Ⅱ,20230408,20500,30.0,15.2,4.0,,,2010,연립다세대,중개거래,서울 영등포구
2023,11560,영등포구,12100,문래동3가,1,대지,0077,0002,문래공원한신,20230408,80300,58.96,0.0,6.0,,,1988,아파트,중개거래,서울 영등포구
2023,11560,영등포구,13300,대림동,1,대지,1061,0000,문영칸타빌레,20230408,62300,84.89,0.0,12.0,,,2001,아파트,중개거래,서울 영등포구
2023,11560,영등포구,12400,문래동6가,1,대지,0054,0000,문래미원,20230408,64000,59.4,0.0,14.0,,,1996,아파트,중개거래,서울 영등포구
2023,11560,영등포구,13000,양평동6가,1,대지,0100,0000,동양,20230408,72500,84.85,0.0,3.0,,,2000,아파트,중개거래,서울 영등포구
2023,11560,영등포구,12100,문래동3가,1,대지,0054,0000,문래자이,20230408,129500,84.98,0.0,22.0,,,2001,아파트,중개거래,서울 영등포구
2023,11560,영등포구,11800,도림동,1,대지,0229,0030,"도림빌라3,4동(229-30)",20230408,44500,54.81,29.28,4.0,,,1991,연립다세대,중개거래,서울 영등포구
2023,11560,영등포구,11000,여의도동,1,대지,0017,0009,더하우스 소호 여의도 오피스텔,20230408,27500,23.63,39.29,13.0,,,2017,오피스텔,중개거래,서울 영등포구
2023,11560,영등포구,10900,영등포동8가,1,대지,0076,0001,삼환,20230408,106000,84.87,0.0,17.0,,,1999,아파트,중개거래,서울 영등포구
2023,11560,영등포구,11700,당산동,1,대지,0171,0019,드림시드,20230408,54000,64.02,0.0,4.0,,,2005,아파트,중개거래,서울 영등포구
2023,11560,영등포구,13200,신길동,1,대지,4945,0000,래미안영등포프레비뉴,20230408,95000,59.99,0.0,7.0,,,2015,아파트,중개거래,서울 영등포구
2023,11560,영등포구,13200,신길동,1,대지,4945,0000,래미안영등포프레비뉴,20230408,118000,84.98,0.0,16.0,,,2015,아파트,중개거래,서울 영등포구
2023,11560,영등포구,12400,문래동6가,1,대지,0047,0001,대원,20230408,68000,59.99,0.0,4.0,,,1998,아파트,중개거래,서울 영등포구
2023,11560,영등포구,11400,당산동4가,1,대지,0030,0001,당산현대5차,20230408,110000,84.69,0.0,14.0,,,2000,아파트,중개거래,서울 영등포구
2023,11560,영등포구,11400,당산동4가,1,대지,0030,0001,당산현대5차,20230408,92000,59.75,0.0,2.0,,,2000,아파트,중개거래,서울 영등포구
2023,11560,영등포구,13200,신길동,1,대지,3002,0000,남서울,20230408,65800,41.69,0.0,4.0,,,1974,아파트,중개거래,서울 영등포구
2023,11560,영등포구,13300,대림동,1,대지,1127,0000,e편한세상영등포아델포레,20230408,108000,84.99,0.0,5.0,,,2020,아파트,중개거래,서울 영등포구
2023,11560,영등포구,13200,신길동,1,대지,4934,0000,삼성래미안,20230408,84900,84.91,0.0,3.0,,,2001,아파트,중개거래,서울 영등포구
2023,11560,영등포구,12300,문래동5가,1,대지,0067,0000,문래모아미래도,20230407,106000,84.75,0.0,17.0,,,2017,아파트,중개거래,서울 영등포구
2023,11560,영등포구,12700,양평동3가,1,대지,0054,0000,양평동 대우이안2,20230407,61500,82.02,99.64,14.0,,,2005,오피스텔,중개거래,서울 영등포구
2023,11560,영등포구,12300,문래동5가,1,대지,0023,0001,문래현대5차,20230407,64000,84.79,0.0,2.0,,,1992,아파트,중개거래,서울 영등포구
2023,11560,영등포구,13300,대림동,1,대지,0680,0002,드림하우스2,20230407,29500,38.36,23.27,2.0,,,2016,연립다세대,중개거래,서울 영등포구
2023,11560,영등포구,10800,영등포동7가,1,대지,0046,0001,경남아너스빌,20230407,85000,59.9,0.0,7.0,,,1998,아파트,중개거래,서울 영등포구
2023,11560,영등포구,12900,양평동5가,1,대지,0076,0000,양평한신,20230406,75000,59.94,0.0,17.0,,,1996,아파트,중개거래,서울 영등포구
2023,11560,영등포구,13200,신길동,1,대지,4945,0000,래미안영등포프레비뉴,20230406,117000,84.98,0.0,11.0,,,2015,아파트,중개거래,서울 영등포구
2023,11560,영등포구,12100,문래동3가,1,대지,0094,0000,문래힐스테이트,20230406,130000,119.47,0.0,1.0,,,2003,아파트,중개거래,서울 영등포구
2023,11560,영등포구,13200,신길동,1,대지,4945,0000,래미안영등포프레비뉴,20230406,117000,84.98,0.0,11.0,,20230703,2015,아파트,중개거래,서울 영등포구
2023,11560,영등포구,13300,대림동,1,대지,0687,0001,성락,20230406,41000,58.15,0.0,8.0,,,1989,아파트,중개거래,서울 영등포구
2023,11560,영등포구,13200,신길동,1,대지,0449,0020,콘펠리체,20230406,17350,16.82,25.21,11.0,,,null,오피스텔,중개거래,서울 영등포구
2023,11560,영등포구,12600,양평동2가,1,대지,0038,0001,삼성래미안,20230406,75000,59.4,0.0,18.0,,,1998,아파트,중개거래,서울 영등포구
2023,11560,영등포구,13200,신길동,1,대지,3002,0000,남서울,20230406,75500,42.98,0.0,1.0,,,1974,아파트,중개거래,서울 영등포구
2023,11560,영등포구,12800,양평동4가,1,대지,0317,0003,남태양트리스빌,20230406,12700,14.18,13.33,2.0,,,2011,연립다세대,중개거래,서울 영등포구
2023,11560,영등포구,11500,당산동5가,1,대지,0043,0000,당산센트럴아이파크,20230406,165000,84.98,0.0,10.0,,,2020,아파트,중개거래,서울 영등포구
2023,11560,영등포구,10100,영등포동,1,대지,0647,0000,영등포푸르지오,20230406,96000,79.78,0.0,17.0,,,2002,아파트,중개거래,서울 영등포구
2023,11560,영등포구,12600,양평동2가,1,대지,0043,0014,CO-OP Residence/오목교,20230405,11500,26.38,41.3,14.0,,,2004,오피스텔,중개거래,서울 영등포구
2023,11560,영등포구,12700,양평동3가,1,대지,0090,0001,거성파스텔,20230405,94500,84.99,0.0,9.0,,,1999,아파트,중개거래,서울 영등포구
2023,11560,영등포구,12100,문래동3가,1,대지,0054,0000,문래자이,20230405,130000,84.98,0.0,7.0,,,2001,아파트,중개거래,서울 영등포구
2023,11560,영등포구,11000,여의도동,1,대지,0014,0021,엘지여의도에클라트,20230405,24000,37.96,49.35,10.0,,,2003,오피스텔,중개거래,서울 영등포구
2023,11560,영등포구,10200,영등포동1가,1,대지,0113,0001,여의도씨티아이,20230405,13000,16.88,27.77,10.0,,,2013,오피스텔,직거래,
2023,11560,영등포구,10200,영등포동1가,1,대지,0113,0001,여의도씨티아이,20230405,13000,18.16,29.87,9.0,,,2013,오피스텔,직거래,
2023,11560,영등포구,11800,도림동,1,대지,0821,0000,영등포아트자이,20230405,102500,84.85,0.0,14.0,,,2014,아파트,중개거래,서울 영등포구
2023,11560,영등포구,11500,당산동5가,1,대지,0042,0000,당산삼성래미안4차,20230405,141000,97.27,0.0,3.0,,,2003,아파트,중개거래,"서울 양천구, 서울 영등포구"
2023,11560,영등포구,13200,신길동,1,대지,4969,0000,힐스테이트클래시안,20230405,105000,59.91,0.0,23.0,,,2020,아파트,중개거래,서울 영등포구
2023,11560,영등포구,13200,신길동,1,대지,3002,0000,남서울,20230405,71607,48.26,0.0,4.0,,,1974,아파트,중개거래,서울 영등포구
2023,11560,영등포구,12400,문래동6가,1,대지,0045,0000,현대2차,20230405,79000,79.72,0.0,7.0,,,1987,아파트,중개거래,서울 영등포구
2023,11560,영등포구,10900,영등포동8가,1,대지,0076,0001,삼환,20230405,83500,59.91,0.0,16.0,,,1999,아파트,중개거래,서울 영등포구
2023,11560,영등포구,11400,당산동4가,1,대지,0001,0002,코오롱 스타폴리스,20230404,23000,40.28,51.33,3.0,,,2005,오피스텔,중개거래,서울 영등포구
2023,11560,영등포구,11000,여의도동,1,대지,0050,0000,시범,20230404,170000,79.24,0.0,9.0,,,1971,아파트,중개거래,서울 영등포구
2023,11560,영등포구,13200,신길동,,,,,,20230404,255000,59.24,99.0,0.0,,,1973,단독다가구,중개거래,서울 영등포구
2023,11560,영등포구,11100,당산동1가,,,,,,20230404,85000,258.83,67.1,0.0,,,1995,단독다가구,중개거래,서울 영등포구
2023,11560,영등포구,12600,양평동2가,1,대지,0043,0014,CO-OP Residence/오목교,20230404,7600,16.98,26.58,9.0,,,2004,오피스텔,중개거래,서울 영등포구
2023,11560,영등포구,11000,여의도동,1,대지,0042,0000,한양,20230403,210000,149.59,0.0,4.0,,,1975,아파트,중개거래,서울 영등포구
2023,11560,영등포구,10800,영등포동7가,1,대지,0029,0053,여의도시티뷰,20230403,34000,40.06,12.0,7.0,,,2017,연립다세대,중개거래,서울 영등포구
2023,11560,영등포구,13200,신길동,1,대지,4955,0000,신길센트럴아이파크,20230403,100000,59.97,0.0,19.0,,,2019,아파트,중개거래,서울 영등포구
2023,11560,영등포구,13000,양평동6가,1,대지,0081,0000,금강노블레스,20230403,40000,31.47,40.26,10.0,,,2022,오피스텔,직거래,
2023,11560,영등포구,10200,영등포동1가,1,대지,0029,0000,여의도의아침,20230403,12000,12.38,0.0,5.0,,,2012,아파트,중개거래,서울 영등포구
2023,11560,영등포구,13000,양평동6가,1,대지,0081,0000,금강노블레스,20230403,40000,31.47,40.26,10.0,,20230621,2022,오피스텔,직거래,
2023,11560,영등포구,12000,문래동2가,,,,,,20230403,265000,133.21,165.4,0.0,,,1959,단독다가구,중개거래,서울 영등포구
2023,11560,영등포구,13200,신길동,1,대지,3002,0000,남서울,20230403,66000,48.3,0.0,1.0,,,1974,아파트,중개거래,서울 영등포구
2023,11560,영등포구,13200,신길동,1,대지,4958,0000,보라매에스케이뷰,20230401,129000,84.98,0.0,25.0,,,2020,아파트,중개거래,서울 영등포구
2023,11560,영등포구,11400,당산동4가,1,대지,0099,0000,당산롯데캐슬프레스티지,20230401,123000,84.99,0.0,2.0,,,2017,아파트,중개거래,"경기 김포시, 서울 영등포구"
2023,11560,영등포구,13200,신길동,1,대지,4964,0000,신길센트럴자이아파트,20230401,123000,84.98,0.0,8.0,,,2021,아파트,중개거래,서울 영등포구
2023,11560,영등포구,12100,문래동3가,1,대지,0076,0001,국화맨션,20230401,106000,84.71,0.0,1.0,,,1983,아파트,중개거래,서울 영등포구
2023,11560,영등포구,10800,영등포동7가,1,대지,0094,0052,루브르씨티,20230401,35500,29.99,7.07,10.0,,,2019,연립다세대,중개거래,서울 영등포구
2023,11560,영등포구,12100,문래동3가,1,대지,0094,0000,문래힐스테이트,20230401,144400,137.82,0.0,4.0,,,2003,아파트,중개거래,서울 영등포구
2023,11560,영등포구,13200,신길동,1,대지,4937,0000,한화꿈에그린,20230401,101000,84.92,0.0,6.0,,,2008,아파트,중개거래,서울 영등포구
2023,11560,영등포구,10400,영등포동3가,1,대지,0007,0000,영등포 점프밀라노,20230401,19000,33.21,33.21,16.0,,,2005,오피스텔,중개거래,서울 영등포구
2023,11560,영등포구,13200,신길동,1,대지,4964,0000,신길센트럴자이아파트,20230401,120000,84.98,0.0,5.0,,,2021,아파트,중개거래,서울 영등포구
2023,11560,영등포구,11700,당산동,1,대지,0376,0000,강변래미안,20230401,116500,79.05,0.0,6.0,,,2002,아파트,중개거래,서울 영등포구
2023,11560,영등포구,13200,신길동,1,대지,4964,0000,신길센트럴자이아파트,20230331,123000,84.98,0.0,6.0,,,2021,아파트,중개거래,서울 영등포구
2023,11560,영등포구,12600,양평동2가,1,대지,0043,0014,CO-OP Residence/오목교,20230331,7500,16.98,26.58,5.0,,20230530,2004,오피스텔,중개거래,서울 영등포구
2023,11560,영등포구,13200,신길동,,,,,,20230331,59700,134.61,100.0,0.0,,,1990,단독다가구,중개거래,서울 영등포구
2023,11560,영등포구,12600,양평동2가,1,대지,0043,0014,CO-OP Residence/오목교,20230331,7500,16.98,26.58,5.0,,,2004,오피스텔,중개거래,서울 영등포구
2023,11560,영등포구,10300,영등포동2가,1,대지,0028,0153,오스본 오피스텔,20230331,16000,29.97,39.47,3.0,,,2005,오피스텔,중개거래,서울 구로구
2023,11560,영등포구,13000,양평동6가,1,대지,0002,0004,선유도 더채움,20230330,35888,28.04,35.17,2.0,,,2022,오피스텔,중개거래,서울 영등포구
2023,11560,영등포구,12600,양평동2가,1,대지,0043,0014,CO-OP Residence/오목교,20230330,11250,26.38,41.3,7.0,,,2004,오피스텔,중개거래,서울 영등포구
2023,11560,영등포구,12800,양평동4가,1,대지,0281,0000,르네상스 한강 오피스텔,20230330,32500,37.66,51.04,7.0,,,2004,오피스텔,중개거래,서울 영등포구
2023,11560,영등포구,12100,문래동3가,1,대지,0054,0000,문래자이,20230329,128000,84.98,0.0,9.0,,,2001,아파트,중개거래,서울 영등포구
2023,11560,영등포구,10800,영등포동7가,1,대지,0203,0000,아크로타워스퀘어,20230329,122000,59.7,0.0,29.0,,,2017,아파트,중개거래,서울 영등포구
2023,11560,영등포구,11800,도림동,1,대지,0821,0000,영등포아트자이,20230329,90000,84.97,0.0,20.0,,,2014,아파트,중개거래,서울 영등포구
2023,11560,영등포구,10900,영등포동8가,1,대지,0045,0008,리안펠리체,20230329,11500,18.15,24.9,5.0,,,2014,오피스텔,중개거래,서울 영등포구
2023,11560,영등포구,13200,신길동,1,대지,4955,0000,신길센트럴아이파크,20230329,111000,84.99,0.0,4.0,,,2019,아파트,중개거래,서울 영등포구
2023,11560,영등포구,11500,당산동5가,1,대지,0042,0000,당산삼성래미안4차,20230329,168000,115.78,0.0,22.0,,,2003,아파트,중개거래,서울 영등포구
2023,11560,영등포구,12400,문래동6가,1,대지,0055,0001,현대6차,20230329,59000,50.55,0.0,2.0,,,1997,아파트,중개거래,서울 영등포구
2023,11560,영등포구,11500,당산동5가,1,대지,0008,0000,데시앙루브 오피스텔,20230328,21900,24.97,34.97,11.0,,,2014,오피스텔,중개거래,서울 영등포구
2023,11560,영등포구,13200,신길동,1,대지,4935,0000,신기목련아파트,20230328,55500,59.4,0.0,16.0,,,2000,아파트,중개거래,서울 영등포구
2023,11560,영등포구,11400,당산동4가,1,대지,0001,0002,코오롱 스타폴리스,20230328,22900,41.22,52.52,14.0,,,2005,오피스텔,중개거래,서울 영등포구
2023,11560,영등포구,10200,영등포동1가,1,대지,0113,0001,여의도씨티아이,20230328,12600,16.88,27.77,11.0,,,2013,오피스텔,중개거래,서울 영등포구
2023,11560,영등포구,13200,신길동,1,대지,4964,0000,신길센트럴자이아파트,20230328,103500,59.98,0.0,24.0,,20230626,2021,아파트,중개거래,서울 영등포구
2023,11560,영등포구,13200,신길동,1,대지,4945,0000,래미안영등포프레비뉴,20230328,94000,59.99,0.0,8.0,,,2015,아파트,중개거래,서울 영등포구
2023,11560,영등포구,11000,여의도동,1,대지,0011,0011,한서리버파크,20230328,71000,77.64,101.68,12.0,,,1991,오피스텔,직거래,
2023,11560,영등포구,10300,영등포동2가,1,대지,0094,0119,	(94-119)	,20230328,6900,25.74,37.74,10.0,,,1992,오피스텔,중개거래,서울 영등포구
2023,11560,영등포구,11700,당산동,1,대지,0376,0000,강변래미안,20230328,143000,108.15,0.0,13.0,,20230523,2002,아파트,중개거래,서울 영등포구
2023,11560,영등포구,11100,당산동1가,1,대지,0188,0003,에버그린스타,20230328,31700,27.54,34.57,5.0,,,2022,오피스텔,직거래,
2023,11560,영등포구,10300,영등포동2가,1,대지,0094,0119,	(94-119)	,20230328,6900,25.74,37.74,10.0,,,1992,오피스텔,중개거래,서울 영등포구
2023,11560,영등포구,13200,신길동,1,대지,4964,0000,신길센트럴자이아파트,20230328,103500,59.98,0.0,24.0,,,2021,아파트,중개거래,서울 영등포구
2023,11560,영등포구,11000,여의도동,1,대지,0013,0022,KCC파크타운,20230328,25000,39.52,55.8,10.0,,,2005,오피스텔,중개거래,서울 영등포구
2023,11560,영등포구,11000,여의도동,1,대지,0055,0001,대우트럼프월드Ⅰ,20230327,185000,152.62,0.0,14.0,,20230419,2002,아파트,중개거래,서울 영등포구
2023,11560,영등포구,11000,여의도동,1,대지,0055,0001,대우트럼프월드Ⅰ,20230327,185000,152.62,0.0,14.0,,,2002,아파트,중개거래,서울 영등포구
2023,11560,영등포구,13200,신길동,1,대지,0095,0140,KD빌라,20230327,45000,59.56,36.63,3.0,,,2018,연립다세대,중개거래,서울 영등포구
2023,11560,영등포구,11000,여의도동,1,대지,0047,0000,여의도자이,20230327,284000,163.64,0.0,31.0,,,2008,아파트,중개거래,서울 영등포구
2023,11560,영등포구,13200,신길동,1,대지,4950,0000,래미안에스티움,20230327,123000,84.92,0.0,16.0,,,2017,아파트,중개거래,서울 영등포구
2023,11560,영등포구,11000,여의도동,1,대지,0061,0005,리버타워,20230327,151000,234.02,0.0,13.0,,,2000,아파트,직거래,
2023,11560,영등포구,11200,당산동2가,1,대지,0164,0000,당산2가현대홈타운,20230327,93000,82.77,0.0,3.0,,,1994,아파트,중개거래,서울 영등포구
2023,11560,영등포구,13200,신길동,1,대지,4950,0000,래미안에스티움,20230326,148000,84.97,0.0,24.0,,,2017,아파트,중개거래,서울 영등포구
2023,11560,영등포구,13300,대림동,1,대지,0785,0001,현대1,20230326,74000,84.75,0.0,20.0,,,1992,아파트,중개거래,서울 영등포구
2023,11560,영등포구,13200,신길동,1,대지,3002,0000,남서울,20230326,89000,66.12,0.0,2.0,,,1974,아파트,중개거래,서울 영등포구
2023,11560,영등포구,10900,영등포동8가,1,대지,0076,0001,삼환,20230325,82000,59.91,0.0,16.0,,,1999,아파트,중개거래,서울 영등포구
2023,11560,영등포구,11800,도림동,1,대지,0821,0000,영등포아트자이,20230325,101000,84.97,0.0,8.0,,,2014,아파트,중개거래,서울 영등포구
2023,11560,영등포구,12900,양평동5가,1,대지,0076,0000,양평한신,20230325,71500,59.94,0.0,4.0,,,1996,아파트,중개거래,서울 영등포구
2023,11560,영등포구,12900,양평동5가,1,대지,0076,0000,양평한신,20230325,73500,59.94,0.0,10.0,,,1996,아파트,중개거래,서울 영등포구
2023,11560,영등포구,13200,신길동,1,대지,4958,0000,보라매에스케이뷰,20230325,131000,84.98,0.0,16.0,,,2020,아파트,중개거래,서울 영등포구
2023,11560,영등포구,11800,도림동,1,대지,0821,0000,영등포아트자이,20230325,88500,60.0,0.0,17.0,,,2014,아파트,중개거래,서울 영등포구
2023,11560,영등포구,11500,당산동5가,1,대지,0040,0000,성원,20230325,96000,84.96,0.0,16.0,,,1997,아파트,중개거래,서울 영등포구
2023,11560,영등포구,13300,대림동,1,대지,0608,0001,현대3차,20230325,53000,43.92,0.0,16.0,,,1997,아파트,중개거래,서울 영등포구
2023,11560,영등포구,13300,대림동,1,대지,0696,0000,우성1,20230325,65000,62.37,0.0,5.0,,,1985,아파트,중개거래,서울 영등포구
2023,11560,영등포구,10100,영등포동,1,대지,0647,0000,영등포푸르지오,20230324,100000,79.78,0.0,13.0,,,2002,아파트,중개거래,서울 영등포구
2023,11560,영등포구,11800,도림동,1,대지,0821,0000,영등포아트자이,20230324,130000,120.04,0.0,19.0,,,2014,아파트,중개거래,서울 영등포구
2023,11560,영등포구,12900,양평동5가,1,대지,0051,0000,에듀시티에비앙,20230324,31000,28.6,11.95,6.0,,,2017,오피스텔,중개거래,서울 영등포구
2023,11560,영등포구,10900,영등포동8가,1,대지,0091,0000,당산푸르지오,20230324,110000,84.98,0.0,15.0,,,2004,아파트,중개거래,서울 영등포구
2023,11560,영등포구,10800,영등포동7가,1,대지,0203,0000,아크로타워스퀘어,20230324,137000,84.65,0.0,8.0,,,2017,아파트,중개거래,서울 영등포구
2023,11560,영등포구,13200,신길동,,,,,,20230324,120000,205.95,130.7,0.0,,,1978,단독다가구,직거래,
2023,11560,영등포구,13200,신길동,1,대지,4964,0000,신길센트럴자이아파트,20230324,116000,75.87,0.0,13.0,,,2021,아파트,중개거래,서울 영등포구
2023,11560,영등포구,13200,신길동,1,대지,4964,0000,신길센트럴자이아파트,20230324,109000,59.98,0.0,8.0,,,2021,아파트,중개거래,"서울 동작구, 서울 영등포구"
2023,11560,영등포구,13200,신길동,1,대지,4950,0000,래미안에스티움,20230324,127000,84.97,0.0,5.0,,,2017,아파트,중개거래,서울 영등포구
2023,11560,영등포구,13200,신길동,,,,,,20230324,500000,166.62,155.0,0.0,,,1977,단독다가구,중개거래,서울 영등포구
2023,11560,영등포구,13200,신길동,1,대지,0440,0011,신풍리치빌(440-11),20230323,23500,17.61,9.58,3.0,,,2003,연립다세대,중개거래,서울 영등포구
2023,11560,영등포구,13200,신길동,1,대지,4958,0000,보라매에스케이뷰,20230323,130000,84.98,0.0,20.0,,,2020,아파트,중개거래,서울 영등포구
2023,11560,영등포구,12900,양평동5가,1,대지,0076,0000,양평한신,20230323,68900,59.94,0.0,2.0,,,1996,아파트,중개거래,서울 영등포구
2023,11560,영등포구,11000,여의도동,1,대지,0030,0002,삼부,20230323,230000,135.8,0.0,4.0,,,1975,아파트,중개거래,서울 영등포구
2023,11560,영등포구,12700,양평동3가,1,대지,0101,0000,양평현대6차,20230323,82000,59.98,0.0,8.0,,,2000,아파트,중개거래,서울 영등포구
2023,11560,영등포구,13200,신길동,1,대지,4955,0000,신길센트럴아이파크,20230322,95000,59.97,0.0,17.0,,,2019,아파트,중개거래,서울 영등포구
2023,11560,영등포구,11800,도림동,1,대지,0819,0000,대우미래사랑,20230322,14500,29.38,41.09,15.0,,,2004,오피스텔,중개거래,서울 영등포구
2023,11560,영등포구,11800,도림동,,,,,,20230322,26400,142.08,93.0,0.0,,,1993,단독다가구,직거래,
2023,11560,영등포구,10400,영등포동3가,1,대지,0020,0000,WD스퀘어,20230322,21000,16.83,23.69,13.0,,,2020,오피스텔,직거래,
2023,11560,영등포구,13200,신길동,1,대지,4964,0000,신길센트럴자이아파트,20230322,120000,84.98,0.0,10.0,,,2021,아파트,중개거래,서울 영등포구
2023,11560,영등포구,13200,신길동,1,대지,4967,0000,신길파크자이,20230322,99800,59.99,0.0,19.0,,,2022,아파트,중개거래,서울 영등포구
2023,11560,영등포구,12400,문래동6가,1,대지,0055,0001,현대6차,20230322,65000,50.55,0.0,9.0,,,1997,아파트,중개거래,서울 영등포구
2023,11560,영등포구,11800,도림동,,,,,,20230321,43500,23.8,56.0,0.0,,,1972,단독다가구,중개거래,서울 영등포구
2023,11560,영등포구,10800,영등포동7가,,,,,,20230321,99000,199.78,109.4,0.0,,,1993,단독다가구,중개거래,서울 영등포구
2023,11560,영등포구,12500,양평동1가,1,대지,0245,0000,삼환,20230321,63000,59.76,0.0,4.0,,,1994,아파트,중개거래,서울 영등포구
2023,11560,영등포구,10400,영등포동3가,1,대지,0020,0000,WD스퀘어,20230321,17000,16.83,23.69,4.0,,,2020,오피스텔,중개거래,서울 영등포구
2023,11560,영등포구,13300,대림동,1,대지,1101,0001,(1101-1),20230321,11200,14.46,0.0,6.0,,,2012,아파트,중개거래,서울 영등포구
2023,11560,영등포구,13300,대림동,1,대지,0608,0001,현대3차,20230321,76000,59.83,0.0,16.0,,,1997,아파트,중개거래,"서울 구로구, 서울 영등포구"
2023,11560,영등포구,11700,당산동,1,대지,0121,0108,훼미리하우스138,20230321,12500,14.28,0.0,8.0,,,2013,아파트,중개거래,서울 영등포구
2023,11560,영등포구,11000,여의도동,1,대지,0028,0000,광장,20230321,188000,102.35,0.0,5.0,,,1978,아파트,중개거래,서울 영등포구
2023,11560,영등포구,13200,신길동,1,대지,4958,0000,보라매에스케이뷰,20230321,100000,59.98,0.0,6.0,,,2020,아파트,중개거래,서울 영등포구
2023,11560,영등포구,13200,신길동,1,대지,4656,0000,우성3,20230321,68000,53.24,0.0,10.0,,,1989,아파트,중개거래,서울 동작구
2023,11560,영등포구,11800,도림동,1,대지,0819,0000,대우미래사랑,20230320,14800,29.38,41.09,13.0,,,2004,오피스텔,중개거래,서울 영등포구
2023,11560,영등포구,13200,신길동,1,대지,4950,0000,래미안에스티움,20230320,185000,118.03,0.0,6.0,,,2017,아파트,직거래,
2023,11560,영등포구,11000,여의도동,1,대지,0011,0011,한서리버파크,20230320,25000,43.19,56.61,7.0,,,1991,오피스텔,중개거래,서울 영등포구
2023,11560,영등포구,13000,양평동6가,1,대지,0039,0000,세종르네상스빌,20230320,11000,23.43,16.53,2.0,,,2011,연립다세대,직거래,
2023,11560,영등포구,11500,당산동5가,1,대지,0042,0000,당산삼성래미안4차,20230320,170000,115.78,0.0,21.0,,,2003,아파트,중개거래,서울 영등포구
2023,11560,영등포구,13200,신길동,1,대지,4969,0000,힐스테이트클래시안,20230319,100000,59.87,0.0,11.0,,,2020,아파트,중개거래,서울 영등포구
2023,11560,영등포구,11700,당산동,1,대지,0374,0000,래미안당산1차,20230319,92000,59.97,0.0,7.0,,,1995,아파트,중개거래,서울 영등포구
2023,11560,영등포구,11700,당산동,1,대지,0374,0000,래미안당산1차,20230319,130000,114.79,0.0,5.0,,,1995,아파트,중개거래,서울 영등포구
2023,11560,영등포구,13200,신길동,1,대지,3002,0000,남서울,20230318,76507,42.98,0.0,4.0,,,1974,아파트,중개거래,서울 영등포구
2023,11560,영등포구,11400,당산동4가,1,대지,0030,0001,당산현대5차,20230318,112000,84.69,0.0,9.0,,,2000,아파트,중개거래,서울 영등포구
2023,11560,영등포구,11500,당산동5가,1,대지,0042,0000,당산삼성래미안4차,20230318,163000,115.78,0.0,16.0,,,2003,아파트,중개거래,서울 영등포구
2023,11560,영등포구,13300,대림동,1,대지,0785,0001,현대1,20230318,71000,84.75,0.0,2.0,,,1992,아파트,중개거래,서울 영등포구
2023,11560,영등포구,13300,대림동,1,대지,0687,0001,성락,20230318,43000,73.63,0.0,5.0,,,1989,아파트,중개거래,서울 영등포구
2023,11560,영등포구,12800,양평동4가,1,대지,0217,0000,양화빌1차,20230318,20900,29.85,15.52,2.0,,,2010,연립다세대,중개거래,서울 영등포구
2023,11560,영등포구,11700,당산동,1,대지,0376,0000,강변래미안,20230318,108900,79.43,0.0,7.0,,,2002,아파트,중개거래,서울 영등포구
2023,11560,영등포구,10800,영등포동7가,1,대지,0203,0000,아크로타워스퀘어,20230318,126000,84.75,0.0,3.0,,,2017,아파트,중개거래,서울 영등포구
2023,11560,영등포구,13200,신길동,1,대지,4969,0000,힐스테이트클래시안,20230317,67000,42.68,0.0,17.0,,,2020,아파트,중개거래,서울 영등포구
2023,11560,영등포구,12800,양평동4가,,,,,,20230317,127900,74.16,66.4,0.0,,,1900,단독다가구,중개거래,서울 영등포구
2023,11560,영등포구,11800,도림동,1,대지,0821,0000,영등포아트자이,20230317,95000,84.97,0.0,9.0,,,2014,아파트,중개거래,서울 영등포구
2023,11560,영등포구,10100,영등포동,1,대지,0647,0000,영등포푸르지오,20230317,81700,59.91,0.0,15.0,,,2002,아파트,중개거래,서울 영등포구
2023,11560,영등포구,12100,문래동3가,1,대지,0099,0000,예지팰리스77차,20230317,58000,57.38,0.0,9.0,,,2015,아파트,중개거래,서울 영등포구
2023,11560,영등포구,11000,여의도동,1,대지,0043,0004,롯데캐슬아이비,20230317,158000,113.59,0.0,5.0,,,2005,아파트,중개거래,서울 영등포구
2023,11560,영등포구,11800,도림동,,,,,,20230317,82500,210.6,142.0,0.0,,,1989,단독다가구,중개거래,서울 영등포구
2023,11560,영등포구,13200,신길동,1,대지,0261,0022,신길레전드힐스,20230317,9000,13.74,0.0,10.0,,,2013,아파트,중개거래,서울 영등포구
2023,11560,영등포구,10400,영등포동3가,1,대지,0019,0002,포레스트힐시티,20230317,10300,13.53,0.0,8.0,,,2014,아파트,중개거래,서울 영등포구
2023,11560,영등포구,13300,대림동,1,대지,1127,0000,e편한세상영등포아델포레,20230316,108000,84.99,0.0,8.0,,,2020,아파트,중개거래,"서울 구로구, 서울 영등포구"
2023,11560,영등포구,12300,문래동5가,1,대지,0023,0004,명지 페르마타,20230316,10900,25.93,35.2,6.0,,,2004,오피스텔,중개거래,서울 영등포구
2023,11560,영등포구,11500,당산동5가,1,대지,0011,0033,당산디오빌,20230316,65000,57.75,0.0,14.0,,20230509,2005,아파트,중개거래,서울 영등포구
2023,11560,영등포구,12800,양평동4가,1,대지,0051,0001,경남아너스빌,20230316,62500,70.94,0.0,15.0,,,2000,아파트,직거래,
2023,11560,영등포구,13200,신길동,1,대지,4967,0000,신길파크자이,20230316,125500,84.99,0.0,21.0,,,2022,아파트,중개거래,서울 영등포구
2023,11560,영등포구,11700,당산동,1,대지,0121,0003,나온타워,20230316,12500,15.2,22.97,5.0,,,2013,오피스텔,직거래,
2023,11560,영등포구,13200,신길동,1,대지,4656,0000,우성3,20230316,77500,64.4,0.0,11.0,,,1989,아파트,중개거래,서울 동작구
2023,11560,영등포구,10800,영등포동7가,1,대지,0203,0000,아크로타워스퀘어,20230315,137000,84.75,0.0,25.0,,,2017,아파트,중개거래,서울 영등포구
2023,11560,영등포구,10300,영등포동2가,1,대지,0139,0000,여의도리미티오148,20230315,37990,24.39,0.0,11.0,,,2022,아파트,직거래,
2023,11560,영등포구,13300,대림동,1,대지,0785,0001,현대1,20230315,72500,84.75,0.0,20.0,,,1992,아파트,중개거래,서울 영등포구
2023,11560,영등포구,13200,신길동,1,대지,4969,0000,힐스테이트클래시안,20230315,104000,59.91,0.0,25.0,,,2020,아파트,중개거래,서울 영등포구
2023,11560,영등포구,11700,당산동,1,대지,0376,0000,강변래미안,20230315,106000,79.43,0.0,17.0,,,2002,아파트,중개거래,서울 영등포구
2023,11560,영등포구,10900,영등포동8가,1,대지,0045,0008,리안펠리체,20230315,10000,18.68,25.62,2.0,,,2014,오피스텔,중개거래,서울 영등포구
2023,11560,영등포구,13200,신길동,1,대지,4967,0000,신길파크자이,20230315,98500,59.95,0.0,11.0,,,2022,아파트,중개거래,서울 영등포구
2023,11560,영등포구,11400,당산동4가,1,대지,0091,0000,유원제일,20230314,84865,64.08,0.0,10.0,,,1983,아파트,직거래,
2023,11560,영등포구,11500,당산동5가,1,대지,0009,0002,당산 삼성쉐르빌,20230314,21000,25.09,37.51,15.0,,,2013,오피스텔,중개거래,서울 영등포구
2023,11560,영등포구,11800,도림동,,,,,,20230314,23000,52.23,76.0,0.0,,,1970,단독다가구,중개거래,경기 부천시
2023,11560,영등포구,13200,신길동,1,대지,4950,0000,래미안에스티움,20230313,130000,84.97,0.0,27.0,,,2017,아파트,중개거래,서울 구로구
2023,11560,영등포구,11000,여의도동,1,대지,0012,0003,(주)신한 여의도 드림리버 오피스텔,20230313,25500,24.5,36.7,6.0,,,2019,오피스텔,중개거래,서울 영등포구
2023,11560,영등포구,10800,영등포동7가,1,대지,0094,0189,	토방트윈빌(A)	,20230313,10600,23.49,31.93,4.0,,,2002,오피스텔,중개거래,서울 영등포구
2023,11560,영등포구,11800,도림동,1,대지,0231,0001,한라,20230313,60000,59.85,0.0,16.0,,,1998,아파트,중개거래,서울 영등포구
2023,11560,영등포구,13200,신길동,1,대지,0158,0025,해담하우스,20230313,41500,42.6,26.0,4.0,,,2018,연립다세대,중개거래,서울 영등포구
2023,11560,영등포구,10900,영등포동8가,1,대지,0051,0001,메이준,20230312,9470,14.21,20.83,6.0,,,2012,오피스텔,중개거래,서울 영등포구
2023,11560,영등포구,13200,신길동,1,대지,4969,0000,힐스테이트클래시안,20230312,100000,59.87,0.0,26.0,,,2020,아파트,중개거래,서울 영등포구
2023,11560,영등포구,12800,양평동4가,1,대지,0003,0003,브릴리언트양평2차,20230312,37800,20.31,7.26,8.0,,,2022,연립다세대,직거래,
2023,11560,영등포구,12100,문래동3가,1,대지,0095,0000,문래동원데자뷰,20230311,102000,84.96,0.0,10.0,,,2004,아파트,중개거래,서울 영등포구
2023,11560,영등포구,10100,영등포동,1,대지,0647,0000,영등포푸르지오,20230311,91200,73.13,0.0,17.0,,,2002,아파트,중개거래,서울 영등포구
2023,11560,영등포구,12600,양평동2가,1,대지,0043,0014,CO-OP Residence/오목교,20230311,11000,26.38,41.3,4.0,,,2004,오피스텔,중개거래,서울 영등포구
2023,11560,영등포구,11700,당산동,1,대지,0121,0325,스테이휴당산102동,20230311,42000,48.44,34.72,2.0,,,2016,연립다세대,중개거래,서울 강서구
2023,11560,영등포구,10800,영등포동7가,1,대지,0202,0000,브라운스톤영등포,20230311,84000,84.9,0.0,10.0,,,2004,아파트,중개거래,서울 영등포구
2023,11560,영등포구,11300,당산동3가,1,대지,0565,0000,당산계룡리슈빌3단지,20230311,75000,49.99,0.0,16.0,,,2014,아파트,중개거래,서울 영등포구
2023,11560,영등포구,11400,당산동4가,1,대지,0030,0001,당산현대5차,20230311,90000,59.85,0.0,5.0,,,2000,아파트,중개거래,서울 영등포구
2023,11560,영등포구,13200,신길동,1,대지,4955,0000,신길센트럴아이파크,20230311,110000,84.99,0.0,4.0,,20230329,2019,아파트,중개거래,서울 영등포구
2023,11560,영등포구,10100,영등포동,1,대지,0647,0000,영등포푸르지오,20230311,82500,59.91,0.0,10.0,,,2002,아파트,중개거래,서울 영등포구
2023,11560,영등포구,13300,대림동,1,대지,0738,0006,드림타운2,20230311,33000,33.18,21.02,4.0,,,2018,연립다세대,중개거래,서울 금천구
2023,11560,영등포구,12100,문래동3가,1,대지,0077,0002,문래공원한신,20230311,72250,58.96,0.0,4.0,,,1988,아파트,중개거래,서울 영등포구
2023,11560,영등포구,10800,영등포동7가,1,대지,0202,0000,브라운스톤영등포,20230310,80000,84.9,0.0,12.0,,,2004,아파트,중개거래,서울 영등포구
2023,11560,영등포구,11500,당산동5가,1,대지,0011,0033,당산디오빌,20230310,39000,33.09,0.0,9.0,,,2005,아파트,중개거래,"서울 광진구, 서울 영등포구"
2023,11560,영등포구,11000,여의도동,1,대지,0015,0024,익스콘벤처타워,20230310,32000,69.67,105.39,5.0,,,2001,오피스텔,중개거래,서울 영등포구
2023,11560,영등포구,10500,영등포동4가,1,대지,0103,0000,영등포그랑그루,20230310,12800,12.1,0.0,11.0,,,2012,아파트,중개거래,서울 영등포구
2023,11560,영등포구,13200,신길동,1,대지,4780,0000,보라매경남아너스빌,20230310,72000,59.78,0.0,2.0,,,2005,아파트,중개거래,서울 영등포구
2023,11560,영등포구,13200,신길동,1,대지,4969,0000,힐스테이트클래시안,20230310,100000,59.91,0.0,8.0,,,2020,아파트,중개거래,서울 영등포구
2023,11560,영등포구,11300,당산동3가,,,,,,20230309,295000,490.01,173.2,0.0,,,1992,단독다가구,중개거래,서울 영등포구
2023,11560,영등포구,12400,문래동6가,1,대지,0038,0001,문래베어스타운,20230309,76000,84.9,0.0,5.0,,,1997,아파트,중개거래,서울 영등포구
2023,11560,영등포구,11000,여의도동,1,대지,0050,0000,시범,20230309,162000,79.24,0.0,3.0,,,1971,아파트,중개거래,서울 영등포구
2023,11560,영등포구,10500,영등포동4가,1,대지,0443,0000,영등포 센트럴 푸르지오 시티,20230309,23500,29.75,41.85,10.0,,,2013,오피스텔,중개거래,서울 영등포구
2023,11560,영등포구,13300,대림동,1,대지,0680,0003,민하우스2,20230308,27700,29.48,18.01,2.0,,,2023,연립다세대,직거래,
2023,11560,영등포구,13300,대림동,1,대지,0680,0003,민하우스2,20230308,28000,29.48,18.01,3.0,,,2023,연립다세대,직거래,
2023,11560,영등포구,13300,대림동,1,대지,0680,0003,민하우스2,20230308,34100,36.49,22.28,5.0,,,2023,연립다세대,직거래,
2023,11560,영등포구,13300,대림동,1,대지,0680,0003,민하우스2,20230308,43050,47.1,28.76,5.0,,,2023,연립다세대,직거래,
2023,11560,영등포구,13300,대림동,1,대지,0680,0003,민하우스2,20230308,47300,51.88,31.69,2.0,,,2023,연립다세대,직거래,
2023,11560,영등포구,13300,대림동,1,대지,0680,0003,민하우스2,20230308,47800,51.88,31.69,3.0,,,2023,연립다세대,직거래,
2023,11560,영등포구,13300,대림동,1,대지,0680,0003,민하우스2,20230308,47150,52.87,32.29,4.0,,,2023,연립다세대,직거래,
2023,11560,영등포구,13300,대림동,1,대지,0680,0003,민하우스2,20230308,48150,53.23,32.51,4.0,,,2023,연립다세대,직거래,
2023,11560,영등포구,11500,당산동5가,1,대지,0043,0000,당산센트럴아이파크,20230308,158000,84.98,0.0,17.0,,,2020,아파트,중개거래,서울 영등포구
2023,11560,영등포구,10800,영등포동7가,1,대지,0203,0000,아크로타워스퀘어,20230308,129900,84.75,0.0,4.0,,,2017,아파트,중개거래,서울 영등포구
2023,11560,영등포구,12700,양평동3가,1,대지,0106,0000,양평역미소지움,20230308,41600,59.47,0.0,9.0,,,2018,아파트,직거래,
2023,11560,영등포구,13000,양평동6가,1,대지,0082,0001,엠케이유앤미,20230308,34400,28.73,34.25,12.0,,,2020,오피스텔,직거래,
2023,11560,영등포구,10800,영등포동7가,1,대지,0094,0064,영등포 리버텔,20230308,12350,27.75,39.63,3.0,,,2004,오피스텔,중개거래,서울 영등포구
2023,11560,영등포구,13300,대림동,1,대지,0662,0011,해담채,20230308,25000,29.66,19.34,5.0,,,2017,연립다세대,직거래,
2023,11560,영등포구,13300,대림동,1,대지,1116,0044,미승하이츠E동(1116-44),20230308,24000,55.37,20.77,2.0,,,1998,연립다세대,중개거래,서울 영등포구
2023,11560,영등포구,13300,대림동,1,대지,0680,0003,민하우스2,20230308,27650,29.06,17.75,3.0,,,2023,연립다세대,직거래,
2023,11560,영등포구,13300,대림동,1,대지,0680,0003,민하우스2,20230308,27350,29.06,17.75,2.0,,,2023,연립다세대,직거래,
2023,11560,영등포구,13300,대림동,1,대지,0680,0003,민하우스2,20230308,28300,29.35,17.93,2.0,,,2023,연립다세대,직거래,
2023,11560,영등포구,13300,대림동,1,대지,0680,0003,민하우스2,20230308,28600,29.35,17.93,3.0,,,2023,연립다세대,직거래,
2023,11560,영등포구,13300,대림동,1,대지,0607,0001,코오롱,20230307,82500,84.93,0.0,22.0,,,1998,아파트,중개거래,서울 성북구
2023,11560,영등포구,11800,도림동,1,대지,0231,0001,한라,20230307,62500,59.85,0.0,6.0,,,1998,아파트,중개거래,서울 영등포구
2023,11560,영등포구,11300,당산동3가,1,대지,0080,0001,리앤나빌리지,20230307,17000,30.85,41.63,7.0,,,2004,오피스텔,중개거래,서울 영등포구
2023,11560,영등포구,12800,양평동4가,1,대지,0051,0001,경남아너스빌,20230307,61500,59.84,0.0,4.0,,,2000,아파트,중개거래,서울 영등포구
2023,11560,영등포구,11800,도림동,,,,,,20230307,55985,58.97,80.0,0.0,,,1943,단독다가구,중개거래,서울 구로구
2023,11560,영등포구,10300,영등포동2가,1,대지,0028,0117,이지리움S,20230307,16000,12.4,0.0,6.0,,,2013,아파트,직거래,
2023,11560,영등포구,13200,신길동,1,대지,0047,0016,(47-16),20230307,42500,14.34,10.62,5.0,,,2014,연립다세대,중개거래,서울 영등포구
2023,11560,영등포구,12800,양평동4가,1,대지,0032,0006,아트리버타운,20230306,27000,26.61,13.74,6.0,,20230321,2015,연립다세대,중개거래,서울 영등포구
2023,11560,영등포구,11400,당산동4가,1,대지,0099,0000,당산롯데캐슬프레스티지,20230306,128000,84.98,0.0,20.0,,,2017,아파트,중개거래,서울 영등포구
2023,11560,영등포구,13300,대림동,1,대지,0608,0001,현대3차,20230306,110000,84.89,0.0,17.0,,,1997,아파트,중개거래,인천 남동구
2023,11560,영등포구,13300,대림동,1,대지,0608,0001,현대3차,20230306,110000,84.89,0.0,17.0,,20230605,1997,아파트,중개거래,인천 남동구
2023,11560,영등포구,13300,대림동,1,대지,0665,0008,더스카이뷰,20230306,41800,27.56,11.38,10.0,,,2021,연립다세대,직거래,
2023,11560,영등포구,12100,문래동3가,1,대지,0093,0001,문래건영,20230306,91000,84.87,0.0,16.0,,,1998,아파트,중개거래,서울 영등포구
2023,11560,영등포구,11000,여의도동,1,대지,0036,0000,롯데캐슬엠파이어,20230305,187500,147.8,0.0,10.0,,,2005,아파트,중개거래,서울 영등포구
2023,11560,영등포구,13300,대림동,1,대지,0607,0001,코오롱,20230305,77000,84.93,0.0,6.0,,,1998,아파트,중개거래,서울 영등포구
2023,11560,영등포구,13200,신길동,1,대지,4958,0000,보라매에스케이뷰,20230304,130000,84.98,0.0,7.0,,,2020,아파트,중개거래,서울 영등포구
2023,11560,영등포구,13200,신길동,1,대지,4958,0000,보라매에스케이뷰,20230304,106500,59.98,0.0,9.0,,,2020,아파트,중개거래,"서울 송파구, 서울 영등포구"
2023,11560,영등포구,13300,대림동,1,대지,0751,0046,미래스위트하우스디동,20230304,28000,29.58,21.34,2.0,,,2015,연립다세대,중개거래,서울 영등포구
2023,11560,영등포구,13200,신길동,1,대지,3002,0000,남서울,20230304,77000,42.98,0.0,1.0,,,1974,아파트,중개거래,서울 영등포구
2023,11560,영등포구,10800,영등포동7가,1,대지,0203,0000,아크로타워스퀘어,20230304,133000,84.69,0.0,23.0,,,2017,아파트,중개거래,서울 영등포구
2023,11560,영등포구,10200,영등포동1가,1,대지,0127,0000,신한헤스티아,20230304,13000,18.01,28.65,7.0,,,2016,오피스텔,중개거래,서울 영등포구
2023,11560,영등포구,10800,영등포동7가,1,대지,0202,0000,브라운스톤영등포,20230304,74300,84.78,0.0,12.0,,,2004,아파트,중개거래,서울 영등포구
2023,11560,영등포구,13200,신길동,1,대지,4969,0000,힐스테이트클래시안,20230304,120000,84.86,0.0,6.0,,,2020,아파트,중개거래,서울 영등포구
2023,11560,영등포구,10800,영등포동7가,1,대지,0203,0000,아크로타워스퀘어,20230304,133000,84.75,0.0,10.0,,20230323,2017,아파트,중개거래,서울 영등포구
2023,11560,영등포구,13300,대림동,,,,,,20230303,85000,196.29,122.0,0.0,,,1992,단독다가구,직거래,
2023,11560,영등포구,10800,영등포동7가,1,대지,0203,0000,아크로타워스퀘어,20230303,135000,84.65,0.0,22.0,,,2017,아파트,중개거래,서울 영등포구
2023,11560,영등포구,13200,신길동,,,,,,20230303,119300,142.14,116.0,0.0,,,1966,단독다가구,중개거래,서울 영등포구
2023,11560,영등포구,11500,당산동5가,1,대지,0033,0001,당산역 한강포스빌,20230303,17500,29.23,41.21,6.0,,,2005,오피스텔,중개거래,서울 영등포구
2023,11560,영등포구,11500,당산동5가,1,대지,0009,0002,당산 삼성쉐르빌,20230302,21600,24.8,37.07,6.0,,,2013,오피스텔,중개거래,서울 영등포구
2023,11560,영등포구,11100,당산동1가,,,,,,20230302,87738,148.7,130.6,0.0,,,1974,단독다가구,직거래,
2023,11560,영등포구,13300,대림동,1,대지,0717,0000,쌍용플래티넘S,20230302,10500,18.24,0.0,6.0,,,2013,아파트,중개거래,서울 영등포구
2023,11560,영등포구,13300,대림동,1,대지,0608,0001,현대3차,20230302,110200,140.54,0.0,25.0,,,1997,아파트,중개거래,서울 영등포구
2023,11560,영등포구,10500,영등포동4가,1,대지,0103,0000,영등포 대성 그랑그루,20230302,14200,16.69,22.53,4.0,,,2012,오피스텔,중개거래,서울 영등포구
2023,11560,영등포구,10800,영등포동7가,1,대지,0104,0005,여의도 웨스턴 힐 오피스텔,20230302,28609,17.38,26.11,10.0,,,2022,오피스텔,직거래,
2023,11560,영등포구,10100,영등포동,1,대지,0618,0022,	(618-22)	,20230302,9500,19.47,31.67,3.0,,,1995,오피스텔,직거래,
2023,11560,영등포구,13200,신길동,1,대지,3002,0000,남서울,20230302,66000,41.62,0.0,4.0,,,1974,아파트,중개거래,서울 영등포구
2023,11560,영등포구,11600,당산동6가,1,대지,0280,0003,당산리버뷰,20230301,35400,28.46,14.77,4.0,,,2018,연립다세대,중개거래,서울 영등포구
2023,11560,영등포구,13200,신길동,1,대지,4950,0000,래미안에스티움,20230301,104000,59.95,0.0,11.0,,,2017,아파트,중개거래,서울 영등포구
2023,11560,영등포구,12100,문래동3가,1,대지,0054,0000,문래자이,20230301,155000,121.53,0.0,25.0,,,2001,아파트,중개거래,서울 영등포구
2023,11560,영등포구,12400,문래동6가,1,대지,0029,0001,문래투웨니퍼스트,20230301,26500,27.59,37.94,11.0,,,2018,오피스텔,중개거래,서울 영등포구
2023,11560,영등포구,12600,양평동2가,1,대지,0043,0014,CO-OP Residence/오목교,20230301,10500,26.38,41.3,2.0,,,2004,오피스텔,중개거래,서울 영등포구
2023,11560,영등포구,10800,영등포동7가,1,대지,0203,0000,아크로타워스퀘어,20230301,133000,84.75,0.0,10.0,,,2017,아파트,중개거래,서울 영등포구
2023,11560,영등포구,10200,영등포동1가,1,대지,0094,0002,여의도더리브스타일,20230301,47000,30.27,0.0,23.0,,,2020,아파트,중개거래,서울 영등포구
2023,11560,영등포구,12400,문래동6가,1,대지,0045,0000,현대2차,20230301,53900,41.04,0.0,14.0,,,1987,아파트,중개거래,서울 영등포구
2023,11560,영등포구,12400,문래동6가,1,대지,0029,0001,문래투웨니퍼스트,20230301,26500,27.59,37.94,11.0,,20230306,2018,오피스텔,중개거래,서울 영등포구
2023,11560,영등포구,12700,양평동3가,1,대지,0090,0001,거성파스텔,20230301,76000,59.96,0.0,12.0,,,1999,아파트,중개거래,서울 영등포구
2023,11560,영등포구,13200,신길동,,,,,,20230228,125550,175.58,112.0,0.0,,,1980,단독다가구,중개거래,서울 영등포구
2023,11560,영등포구,11500,당산동5가,1,대지,0033,0001,당산역 한강포스빌,20230228,17000,30.43,42.89,11.0,,,2005,오피스텔,중개거래,서울 영등포구
2023,11560,영등포구,11600,당산동6가,1,대지,0280,0001,한강 더채움,20230228,43400,29.98,38.1,5.0,,,2022,오피스텔,중개거래,서울 영등포구
2023,11560,영등포구,11400,당산동4가,1,대지,0029,0000,한강아파트,20230228,74000,59.4,0.0,17.0,,,1999,아파트,중개거래,서울 영등포구
2023,11560,영등포구,13200,신길동,1,대지,4969,0000,힐스테이트클래시안,20230227,125000,84.86,0.0,29.0,,,2020,아파트,중개거래,서울 영등포구
2023,11560,영등포구,11000,여의도동,1,대지,0047,0000,여의도자이,20230227,257000,163.64,0.0,16.0,,,2008,아파트,중개거래,서울 영등포구
2023,11560,영등포구,10700,영등포동6가,1,대지,0067,0001,윤성타워텔,20230227,12000,34.67,44.79,6.0,,,1998,오피스텔,중개거래,서울 영등포구
2023,11560,영등포구,13300,대림동,1,대지,1052,0040,위너빌,20230227,9850,23.04,33.66,7.0,,,2004,오피스텔,중개거래,서울 구로구
2023,11560,영등포구,10500,영등포동4가,1,대지,0443,0000,영등포 센트럴 푸르지오 시티,20230227,21800,29.61,41.64,3.0,,,2013,오피스텔,중개거래,서울 영등포구
2023,11560,영등포구,11800,도림동,1,대지,0232,0044,사계절빌라,20230227,56000,108.55,55.67,3.0,,,1999,연립다세대,중개거래,서울 영등포구
2023,11560,영등포구,10300,영등포동2가,1,대지,0139,0000,여의도리미티오148,20230227,38180,24.39,0.0,12.0,,,2022,아파트,직거래,
2023,11560,영등포구,12700,양평동3가,1,대지,0017,0001,양평동 우림보보카운티 오피스텔,20230227,8500,16.25,24.43,5.0,,,2003,오피스텔,중개거래,서울 영등포구
2023,11560,영등포구,12700,양평동3가,1,대지,0090,0001,거성파스텔,20230227,79500,59.96,0.0,21.0,,,1999,아파트,중개거래,서울 영등포구
2023,11560,영등포구,12300,문래동5가,1,대지,0023,0004,명지 페르마타,20230227,12000,25.93,35.2,8.0,,,2004,오피스텔,중개거래,서울 영등포구
2023,11560,영등포구,12100,문래동3가,1,대지,0054,0000,문래자이,20230226,138000,84.98,0.0,21.0,,,2001,아파트,중개거래,서울 영등포구
2023,11560,영등포구,10500,영등포동4가,1,대지,0443,0000,영등포 센트럴 푸르지오 시티,20230225,24000,29.75,41.85,13.0,,,2013,오피스텔,중개거래,서울 영등포구
2023,11560,영등포구,13200,신길동,1,대지,4958,0000,보라매에스케이뷰,20230225,123000,84.98,0.0,11.0,,,2020,아파트,중개거래,서울 영등포구
2023,11560,영등포구,13200,신길동,1,대지,4955,0000,신길센트럴아이파크,20230225,96000,59.97,0.0,10.0,,,2019,아파트,중개거래,서울 영등포구
2023,11560,영등포구,13200,신길동,1,대지,4955,0000,신길센트럴아이파크,20230225,93000,59.97,0.0,28.0,,,2019,아파트,중개거래,서울 영등포구
2023,11560,영등포구,12500,양평동1가,1,대지,0014,0001,한신공영,20230225,61000,59.98,0.0,3.0,,,1996,아파트,중개거래,서울 영등포구
2023,11560,영등포구,11400,당산동4가,1,대지,0030,0001,당산현대5차,20230225,85500,59.55,0.0,10.0,,,2000,아파트,중개거래,서울 영등포구
2023,11560,영등포구,13200,신길동,1,대지,4964,0000,신길센트럴자이아파트,20230225,116000,75.87,0.0,8.0,,,2021,아파트,중개거래,서울 영등포구
2023,11560,영등포구,13200,신길동,1,대지,4969,0000,힐스테이트클래시안,20230225,94500,59.87,0.0,16.0,,,2020,아파트,중개거래,서울 영등포구
2023,11560,영등포구,11000,여의도동,1,대지,0055,0001,대우트럼프월드Ⅰ,20230225,186000,152.62,0.0,18.0,,,2002,아파트,중개거래,서울 영등포구
2023,11560,영등포구,12800,양평동4가,1,대지,0032,0008,그랑드빌,20230225,12600,26.82,34.46,2.0,,,2003,오피스텔,중개거래,서울 영등포구
2023,11560,영등포구,13300,대림동,1,대지,0608,0001,현대3차,20230224,105000,140.54,0.0,9.0,,,1997,아파트,중개거래,서울 영등포구
2023,11560,영등포구,13200,신길동,1,대지,4964,0000,신길센트럴자이아파트,20230224,123000,84.98,0.0,7.0,,,2021,아파트,중개거래,서울 영등포구
2023,11560,영등포구,12600,양평동2가,1,대지,0045,0000,상록수,20230224,52000,59.67,0.0,8.0,,,1999,아파트,중개거래,서울 영등포구
2023,11560,영등포구,13200,신길동,1,대지,4497,0000,보라매두산위브,20230223,88000,84.95,0.0,7.0,,,2005,아파트,중개거래,"서울 동작구, 서울 영등포구"
2023,11560,영등포구,13300,대림동,1,대지,0717,0000,쌍용플래티넘S,20230223,11000,18.24,0.0,11.0,,,2013,아파트,중개거래,서울 영등포구
2023,11560,영등포구,13300,대림동,1,대지,0717,0000,쌍용플래티넘S,20230223,8000,18.24,0.0,3.0,,,2013,아파트,중개거래,서울 영등포구
2023,11560,영등포구,11400,당산동4가,1,대지,0091,0000,유원제일,20230222,69000,51.48,0.0,3.0,,,1983,아파트,중개거래,서울 영등포구
2023,11560,영등포구,13300,대림동,1,대지,0695,0000,우성2,20230222,59500,79.91,0.0,5.0,,,1992,아파트,중개거래,서울 영등포구
2023,11560,영등포구,13300,대림동,1,대지,0695,0000,우성2,20230221,61500,79.91,0.0,14.0,,,1992,아파트,중개거래,서울 영등포구
2023,11560,영등포구,11800,도림동,,,,,,20230221,76300,147.66,99.0,0.0,,,1989,단독다가구,중개거래,서울 영등포구
2023,11560,영등포구,11500,당산동5가,1,대지,0009,0002,당산 삼성쉐르빌,20230221,21600,24.8,37.07,6.0,,20230302,2013,오피스텔,중개거래,서울 영등포구
2023,11560,영등포구,13200,신길동,1,대지,4955,0000,신길센트럴아이파크,20230221,94000,59.98,0.0,16.0,,,2019,아파트,중개거래,"서울 서대문구, 서울 영등포구"
2023,11560,영등포구,10800,영등포동7가,1,대지,0203,0000,아크로타워스퀘어,20230221,150000,84.71,0.0,26.0,,,2017,아파트,중개거래,서울 영등포구
2023,11560,영등포구,10300,영등포동2가,1,대지,0139,0000,여의도리미티오148,20230221,61000,38.44,0.0,4.0,,,2022,아파트,직거래,
2023,11560,영등포구,11100,당산동1가,,,,,,20230221,157000,319.61,90.9,0.0,,,1991,단독다가구,중개거래,서울 영등포구
2023,11560,영등포구,13300,대림동,1,대지,1127,0000,e편한세상영등포아델포레,20230221,104500,84.99,0.0,15.0,,,2020,아파트,중개거래,서울 영등포구
2023,11560,영등포구,13200,신길동,1,대지,4958,0000,보라매에스케이뷰,20230221,124500,84.98,0.0,10.0,,,2020,아파트,중개거래,"경기 부천시, 서울 영등포구"
2023,11560,영등포구,11000,여의도동,1,대지,0043,0004,롯데캐슬아이비,20230221,194000,150.8,0.0,21.0,,,2005,아파트,중개거래,서울 영등포구
2023,11560,영등포구,11500,당산동5가,1,대지,0009,0003,당산역해링턴타워,20230221,22800,23.92,33.23,17.0,,,2015,오피스텔,중개거래,서울 영등포구
2023,11560,영등포구,11000,여의도동,1,대지,0036,0000,롯데캐슬엠파이어,20230220,231000,199.46,0.0,31.0,,,2005,아파트,중개거래,서울 영등포구
2023,11560,영등포구,13300,대림동,1,대지,0760,0001,수목아트빌,20230220,31000,61.14,36.8,5.0,,,2009,연립다세대,중개거래,서울 영등포구
2023,11560,영등포구,13200,신길동,1,대지,0095,0248,승원베스트빌(가동),20230220,38000,75.21,40.74,1.0,,,2002,연립다세대,중개거래,서울 마포구
2023,11560,영등포구,13300,대림동,1,대지,1122,0000,신대림자이,20230220,45249,60.0,83.41,20.0,,,2007,오피스텔,중개거래,서울 영등포구
2023,11560,영등포구,13000,양평동6가,1,대지,0010,0010,양평도담빌A,20230220,25000,29.91,16.9,5.0,,,2016,연립다세대,중개거래,서울 영등포구
2023,11560,영등포구,13300,대림동,1,대지,0696,0000,우성1,20230220,90500,83.59,0.0,7.0,,,1985,아파트,중개거래,서울 영등포구
2023,11560,영등포구,13200,신길동,1,대지,0449,0020,콘펠리체,20230220,21000,16.82,25.21,8.0,,,null,오피스텔,직거래,
2023,11560,영등포구,13000,양평동6가,1,대지,0099,0000,한솔,20230220,67000,59.28,0.0,2.0,,,1999,아파트,중개거래,서울 영등포구
2023,11560,영등포구,13200,신길동,1,대지,4969,0000,힐스테이트클래시안,20230220,70000,42.68,0.0,23.0,,,2020,아파트,중개거래,서울 영등포구
2023,11560,영등포구,11100,당산동1가,1,대지,0186,0072,파비엥노블레스105동,20230219,40000,46.79,27.04,6.0,,,2018,연립다세대,중개거래,서울 영등포구
2023,11560,영등포구,13300,대림동,1,대지,1081,0013,쌍용프라임,20230219,32000,37.33,26.33,2.0,,,2015,연립다세대,중개거래,서울 영등포구
2023,11560,영등포구,13200,신길동,1,대지,4969,0000,힐스테이트클래시안,20230219,95500,59.91,0.0,7.0,,,2020,아파트,중개거래,서울 영등포구
2023,11560,영등포구,13300,대림동,1,대지,0717,0000,쌍용플래티넘S,20230219,10100,18.24,0.0,6.0,,,2013,아파트,중개거래,서울 영등포구
2023,11560,영등포구,11800,도림동,1,대지,0265,0001,	도림동 하나아파텔(1차)	,20230218,29000,45.36,58.42,8.0,,,2003,오피스텔,중개거래,서울 영등포구
2023,11560,영등포구,11700,당산동,1,대지,0121,0130,리버뷰,20230218,12000,20.42,27.53,5.0,,,2015,오피스텔,중개거래,서울 영등포구
2023,11560,영등포구,10900,영등포동8가,1,대지,0091,0000,당산푸르지오,20230218,110000,84.98,0.0,7.0,,,2004,아파트,중개거래,서울 영등포구
2023,11560,영등포구,13200,신길동,1,대지,4958,0000,보라매에스케이뷰,20230218,124000,84.98,0.0,6.0,,,2020,아파트,중개거래,서울 영등포구
2023,11560,영등포구,12400,문래동6가,1,대지,0029,0001,문래투웨니퍼스트,20230218,27000,27.59,37.94,16.0,,,2018,오피스텔,중개거래,서울 영등포구
2023,11560,영등포구,11500,당산동5가,1,대지,0009,0002,당산 삼성쉐르빌,20230218,22850,28.4,42.46,20.0,,,2013,오피스텔,중개거래,서울 영등포구
2023,11560,영등포구,13300,대림동,1,대지,1121,0000,신대림자이1단지,20230218,75000,84.14,0.0,18.0,,,2007,아파트,중개거래,서울 영등포구
2023,11560,영등포구,10100,영등포동,1,대지,0647,0000,영등포푸르지오,20230218,79500,59.91,0.0,22.0,,,2002,아파트,중개거래,
2023,11560,영등포구,11100,당산동1가,1,대지,0188,0003,에버그린스타,20230217,33500,27.54,34.57,2.0,,,2022,오피스텔,직거래,
2023,11560,영등포구,13200,신길동,1,대지,4950,0000,래미안에스티움,20230217,95500,59.95,0.0,4.0,,,2017,아파트,중개거래,서울 영등포구
2023,11560,영등포구,13200,신길동,1,대지,0410,0145,미성빌라,20230217,111000,51.72,51.67,2.0,,,1987,연립다세대,중개거래,서울 영등포구
2023,11560,영등포구,13200,신길동,1,대지,0022,0005,대우 디오빌 골든뷰 오피스텔,20230217,18300,30.21,40.36,7.0,,,2004,오피스텔,중개거래,서울 영등포구
2023,11560,영등포구,11600,당산동6가,1,대지,0001,0003,위더스하임,20230217,29500,26.66,41.22,6.0,,,2019,오피스텔,중개거래,서울 영등포구
2023,11560,영등포구,10200,영등포동1가,1,대지,0145,0000,내이처해밀,20230217,11800,14.89,0.0,13.0,,,2012,아파트,중개거래,서울 영등포구
2023,11560,영등포구,13300,대림동,1,대지,0785,0001,현대1,20230217,75000,84.75,0.0,12.0,,,1992,아파트,중개거래,서울 영등포구
2023,11560,영등포구,13300,대림동,1,대지,0676,0025,세종빌리지A동(676-25),20230216,27000,61.5,34.27,1.0,,,2005,연립다세대,중개거래,서울 영등포구
2023,11560,영등포구,11000,여의도동,1,대지,0061,0000,리첸시아,20230216,215000,146.68,0.0,11.0,,,2003,아파트,중개거래,서울 영등포구
2023,11560,영등포구,12700,양평동3가,1,대지,0049,0004,아테네,20230216,23000,19.84,9.4,6.0,,,2016,연립다세대,중개거래,서울 영등포구
2023,11560,영등포구,11300,당산동3가,1,대지,0563,0000,당산어울림2차,20230216,89000,84.97,0.0,2.0,,,2009,아파트,중개거래,서울 영등포구
2023,11560,영등포구,11800,도림동,1,대지,0205,0065,뉴스토리,20230216,34000,45.56,26.08,3.0,,,2014,연립다세대,중개거래,서울 영등포구
2023,11560,영등포구,13300,대림동,1,대지,1101,0007,G밸리소홈,20230216,14950,20.21,30.74,3.0,,,2018,오피스텔,중개거래,서울 구로구
2023,11560,영등포구,10900,영등포동8가,1,대지,0045,0008,리안펠리체,20230216,15000,15.71,5.34,8.0,,,2014,연립다세대,직거래,
2023,11560,영등포구,13200,신길동,1,대지,4950,0000,래미안에스티움,20230216,99000,59.95,0.0,10.0,,,2017,아파트,중개거래,서울 영등포구
2023,11560,영등포구,13200,신길동,1,대지,0496,0000,길성그랑프리텔,20230215,87600,84.99,0.0,5.0,,,2005,아파트,직거래,
2023,11560,영등포구,13200,신길동,1,대지,3002,0000,남서울,20230215,75000,42.98,0.0,5.0,,,1974,아파트,중개거래,서울 영등포구
2023,11560,영등포구,12600,양평동2가,1,대지,0043,0014,CO-OP Residence/오목교,20230215,7500,16.98,26.58,15.0,,,2004,오피스텔,중개거래,서울 영등포구
2023,11560,영등포구,13300,대림동,1,대지,0653,0011,현대디자인하우스Ⅲ,20230215,38000,59.96,34.45,3.0,,,2014,연립다세대,중개거래,서울 영등포구
2023,11560,영등포구,11300,당산동3가,1,대지,0566,0000,당산계룡리슈빌2단지,20230215,60000,38.77,0.0,16.0,,,2014,아파트,직거래,
2023,11560,영등포구,12700,양평동3가,1,대지,0049,0004,아테네,20230215,23000,19.84,9.4,6.0,,20230216,2016,연립다세대,중개거래,서울 영등포구
2023,11560,영등포구,13200,신길동,1,대지,4958,0000,보라매에스케이뷰,20230215,106000,59.98,0.0,5.0,,,2020,아파트,중개거래,서울 영등포구
2023,11560,영등포구,13200,신길동,1,대지,4964,0000,신길센트럴자이아파트,20230215,98000,59.98,0.0,10.0,,,2021,아파트,중개거래,서울 영등포구
2023,11560,영등포구,13300,대림동,1,대지,0704,0006,성주빌라B동(704-6),20230214,38000,69.63,38.44,2.0,,,2000,연립다세대,중개거래,서울 영등포구
2023,11560,영등포구,13000,양평동6가,1,대지,0020,0002,"아트리버빌D동,E동",20230214,30000,40.61,23.86,2.0,,20230221,2015,연립다세대,중개거래,서울 영등포구
2023,11560,영등포구,13200,신길동,1,대지,0236,0007,클래시안 아이비,20230214,59800,41.05,50.96,8.0,,,2023,오피스텔,중개거래,서울 동작구
2023,11560,영등포구,13300,대림동,1,대지,0972,0007,낙원빌라(972-7),20230214,36980,61.2,26.15,5.0,,,1998,연립다세대,중개거래,서울 영등포구
2023,11560,영등포구,11500,당산동5가,1,대지,0011,0032,당산역리버뷰한강,20230214,25000,16.78,25.64,11.0,,,2021,오피스텔,중개거래,서울 마포구
2023,11560,영등포구,10800,영등포동7가,1,대지,0203,0000,아크로타워스퀘어,20230214,114500,59.7,0.0,32.0,,,2017,아파트,중개거래,서울 영등포구
2023,11560,영등포구,13200,신길동,1,대지,0261,0022,신길레전드힐스,20230214,9800,13.74,0.0,6.0,,,2013,아파트,직거래,
2023,11560,영등포구,13000,양평동6가,1,대지,0020,0002,"아트리버빌D동,E동",20230214,30000,40.61,23.86,2.0,,,2015,연립다세대,중개거래,서울 영등포구
2023,11560,영등포구,11100,당산동1가,1,대지,0186,0105,파비앵 104동,20230214,39500,64.78,86.31,2.0,,,2018,오피스텔,중개거래,서울 영등포구
2023,11560,영등포구,13200,신길동,1,대지,0261,0022,신길레전드힐스,20230214,9800,13.74,0.0,7.0,,,2013,아파트,직거래,
2023,11560,영등포구,11600,당산동6가,1,대지,0280,0003,당산리버뷰,20230214,36000,28.46,14.77,5.0,,,2018,연립다세대,중개거래,서울 영등포구
2023,11560,영등포구,13200,신길동,1,대지,3002,0000,남서울,20230213,70500,48.26,0.0,3.0,,,1974,아파트,중개거래,서울 영등포구
2023,11560,영등포구,13300,대림동,1,대지,1101,0007,G밸리소홈,20230213,15000,16.1,0.0,10.0,,,2018,아파트,중개거래,서울 구로구
2023,11560,영등포구,11000,여의도동,1,대지,0012,0003,(주)신한 여의도 드림리버 오피스텔,20230213,41000,30.0,44.39,3.0,,,2019,오피스텔,중개거래,서울 영등포구
2023,11560,영등포구,13200,신길동,1,대지,4950,0000,래미안에스티움,20230213,99000,59.95,0.0,7.0,,,2017,아파트,중개거래,"서울 마포구, 서울 영등포구"
2023,11560,영등포구,13200,신길동,1,대지,4950,0000,래미안에스티움,20230213,124500,84.92,0.0,6.0,,,2017,아파트,중개거래,서울 영등포구
2023,11560,영등포구,13300,대림동,1,대지,0785,0001,현대1,20230212,78000,84.75,0.0,19.0,,,1992,아파트,중개거래,서울 영등포구
2023,11560,영등포구,11700,당산동,1,대지,0376,0000,강변래미안,20230212,87000,55.91,0.0,12.0,,,2002,아파트,중개거래,서울 영등포구
2023,11560,영등포구,10100,영등포동,1,대지,0647,0000,영등포푸르지오,20230211,89500,73.13,0.0,10.0,,,2002,아파트,중개거래,서울 영등포구
2023,11560,영등포구,11800,도림동,1,대지,0821,0000,영등포아트자이,20230211,100000,84.97,0.0,4.0,,,2014,아파트,중개거래,서울 영등포구
2023,11560,영등포구,10200,영등포동1가,1,대지,0113,0001,여의도씨티아이,20230211,12800,12.59,0.0,15.0,,,2013,아파트,중개거래,서울 영등포구
2023,11560,영등포구,12400,문래동6가,1,대지,0045,0000,현대2차,20230211,51000,41.04,0.0,10.0,,,1987,아파트,중개거래,서울 영등포구
2023,11560,영등포구,12700,양평동3가,1,대지,0079,0000,현대3차,20230211,90000,84.62,0.0,16.0,,,1991,아파트,중개거래,서울 영등포구
2023,11560,영등포구,11400,당산동4가,1,대지,0030,0001,당산현대5차,20230211,89000,59.75,0.0,8.0,,,2000,아파트,중개거래,서울 영등포구
2023,11560,영등포구,11400,당산동4가,1,대지,0030,0001,당산현대5차,20230211,87000,59.85,0.0,6.0,,,2000,아파트,중개거래,서울 영등포구
2023,11560,영등포구,13200,신길동,1,대지,4958,0000,보라매에스케이뷰,20230211,91500,59.98,0.0,1.0,,,2020,아파트,중개거래,서울 영등포구
2023,11560,영등포구,11000,여의도동,1,대지,0030,0002,삼부,20230211,170000,77.69,0.0,7.0,,,1975,아파트,중개거래,서울 영등포구
2023,11560,영등포구,11800,도림동,1,대지,0234,0006,고려로얄타운라동(234-6),20230211,50000,56.26,48.0,5.0,,,2003,연립다세대,중개거래,서울 영등포구
2023,11560,영등포구,11000,여의도동,1,대지,0013,0022,KCC파크타운,20230211,17000,26.98,38.1,10.0,,,2005,오피스텔,중개거래,서울 영등포구
2023,11560,영등포구,13200,신길동,1,대지,4969,0000,힐스테이트클래시안,20230211,98000,59.87,0.0,22.0,,,2020,아파트,중개거래,서울 영등포구
2023,11560,영등포구,13200,신길동,1,대지,4955,0000,신길센트럴아이파크,20230211,115000,84.98,0.0,4.0,,,2019,아파트,중개거래,서울 영등포구
2023,11560,영등포구,11000,여의도동,1,대지,0030,0002,삼부,20230211,170000,77.69,0.0,7.0,,20230215,1975,아파트,중개거래,서울 영등포구
2023,11560,영등포구,13200,신길동,1,대지,0187,0032,(187-32),20230211,30500,41.3,15.16,1.0,,,1998,연립다세대,중개거래,서울 영등포구
2023,11560,영등포구,10200,영등포동1가,1,대지,0144,0000,헤렌어반,20230210,12880,13.33,0.0,9.0,,,2011,아파트,직거래,
2023,11560,영등포구,13300,대림동,1,대지,0608,0001,현대3차,20230210,70500,59.83,0.0,4.0,,,1997,아파트,중개거래,서울 영등포구
2023,11560,영등포구,10200,영등포동1가,1,대지,0145,0000,내이처해밀,20230210,13180,14.24,0.0,9.0,,,2012,아파트,직거래,
2023,11560,영등포구,11700,당산동,1,대지,0378,0000,드림리버빌,20230210,89000,84.77,0.0,14.0,,,2002,아파트,중개거래,서울 영등포구
2023,11560,영등포구,10200,영등포동1가,1,대지,0145,0000,내이처해밀,20230210,12580,14.89,0.0,6.0,,,2012,아파트,직거래,
2023,11560,영등포구,11100,당산동1가,1,대지,0185,0022,J.W 카리스,20230210,31500,38.66,49.14,5.0,,,2018,오피스텔,직거래,
2023,11560,영등포구,11000,여의도동,1,대지,0014,0021,엘지여의도에클라트,20230209,22000,36.53,47.49,3.0,,,2003,오피스텔,중개거래,서울 영등포구
2023,11560,영등포구,13200,신길동,1,대지,4429,0000,참존빌리지B동,20230209,24400,28.49,17.88,2.0,,,2013,연립다세대,중개거래,서울 영등포구
2023,11560,영등포구,13000,양평동6가,1,대지,0020,0005,"아트리버빌J동,K동",20230209,26500,25.59,16.35,3.0,,,2015,연립다세대,중개거래,"부산 연제구, 서울 영등포구"
2023,11560,영등포구,12700,양평동3가,1,대지,0034,0000,양평역 대우미래사랑,20230209,65000,77.37,94.7,16.0,,,2004,오피스텔,중개거래,서울 영등포구
2023,11560,영등포구,12800,양평동4가,1,대지,0281,0000,르네상스 한강 오피스텔,20230209,19700,23.4,31.73,11.0,,,2004,오피스텔,중개거래,서울 영등포구
2023,11560,영등포구,13300,대림동,1,대지,1101,0007,G밸리소홈,20230209,14800,16.1,0.0,14.0,,,2018,아파트,중개거래,"서울 송파구, 서울 영등포구"
2023,11560,영등포구,13200,신길동,1,대지,4969,0000,힐스테이트클래시안,20230209,126000,84.99,0.0,17.0,,,2020,아파트,중개거래,서울 영등포구
2023,11560,영등포구,12800,양평동4가,1,대지,0160,0002,약산,20230209,22900,33.92,0.0,3.0,,,1984,아파트,중개거래,서울 영등포구
2023,11560,영등포구,10100,영등포동,1,대지,0647,0000,영등포푸르지오,20230209,89800,73.13,0.0,17.0,,,2002,아파트,중개거래,서울 영등포구
2023,11560,영등포구,10100,영등포동,1,대지,0647,0000,영등포푸르지오,20230209,72000,79.78,0.0,18.0,,,2002,아파트,직거래,
2023,11560,영등포구,13200,신길동,1,대지,0116,0017,라온아토,20230208,39400,22.16,7.74,6.0,,,2022,연립다세대,중개거래,서울 영등포구
2023,11560,영등포구,11400,당산동4가,1,대지,0030,0001,당산현대5차,20230208,88000,59.75,0.0,13.0,,,2000,아파트,중개거래,서울 영등포구
2023,11560,영등포구,13300,대림동,1,대지,1061,0000,문영칸타빌레,20230208,57000,84.89,0.0,1.0,,,2001,아파트,중개거래,서울 영등포구
2023,11560,영등포구,11700,당산동,1,대지,0173,0019,당산파크빌,20230208,33000,59.85,28.05,3.0,,,2008,연립다세대,중개거래,서울 영등포구
2023,11560,영등포구,13200,신길동,1,대지,4964,0000,신길센트럴자이아파트,20230208,98000,59.98,0.0,11.0,,,2021,아파트,중개거래,서울 영등포구
2023,11560,영등포구,12600,양평동2가,1,대지,0043,0014,CO-OP Residence/오목교,20230207,7200,16.98,26.58,2.0,,,2004,오피스텔,중개거래,서울 영등포구
2023,11560,영등포구,13200,신길동,1,대지,4958,0000,보라매에스케이뷰,20230207,97000,59.98,0.0,14.0,,,2020,아파트,중개거래,서울 영등포구
2023,11560,영등포구,11000,여의도동,1,대지,0013,0024,민족통일 대통령 리빙텔,20230207,18000,31.85,44.89,3.0,,,2003,오피스텔,중개거래,서울 영등포구
2023,11560,영등포구,13200,신길동,1,대지,4945,0000,래미안영등포프레비뉴,20230207,110000,84.98,0.0,15.0,,,2015,아파트,중개거래,서울 영등포구
2023,11560,영등포구,13300,대림동,1,대지,0717,0000,쌍용플래티넘S,20230207,9500,18.24,0.0,3.0,,,2013,아파트,중개거래,서울 영등포구
2023,11560,영등포구,11000,여의도동,1,대지,0048,0000,대우트럼프월드II,20230207,225000,163.87,0.0,24.0,,,2003,아파트,중개거래,서울 영등포구
2023,11560,영등포구,13200,신길동,1,대지,4312,0000,대방,20230207,18000,37.97,0.0,1.0,,,1972,아파트,중개거래,"서울 관악구, 서울 영등포구"
2023,11560,영등포구,13200,신길동,1,대지,4554,0000,효주파크빌Ⅳ,20230207,30000,37.71,24.0,4.0,,20230322,2015,연립다세대,직거래,
2023,11560,영등포구,13300,대림동,1,대지,1075,0009,일공칠오(1075),20230207,20000,48.69,28.35,1.0,,,2002,연립다세대,중개거래,서울 영등포구
2023,11560,영등포구,12500,양평동1가,1,대지,0120,0014,네오하임,20230207,29300,26.09,13.9,3.0,,,2019,연립다세대,중개거래,서울 강남구
2023,11560,영등포구,13000,양평동6가,1,대지,0016,0004,한강아이린101동~102동,20230207,34000,34.72,23.29,4.0,,,2015,연립다세대,중개거래,서울 영등포구
2023,11560,영등포구,13200,신길동,1,대지,4554,0000,효주파크빌Ⅳ,20230207,30000,37.71,24.0,4.0,,,2015,연립다세대,직거래,
2023,11560,영등포구,12700,양평동3가,1,대지,0019,0000,월드메르디앙,20230206,90000,84.44,0.0,3.0,,,2005,아파트,중개거래,서울 영등포구
2023,11560,영등포구,11000,여의도동,1,대지,0014,0021,엘지여의도에클라트,20230206,21500,36.53,47.49,2.0,,,2003,오피스텔,중개거래,서울 영등포구
2023,11560,영등포구,11200,당산동2가,1,대지,0164,0000,당산2가현대홈타운,20230206,96500,82.77,0.0,6.0,,,1994,아파트,중개거래,서울 영등포구
2023,11560,영등포구,11700,당산동,1,대지,0374,0000,래미안당산1차,20230206,95000,84.99,0.0,6.0,,,1995,아파트,중개거래,서울 영등포구
2023,11560,영등포구,11800,도림동,1,대지,0232,0026,삼성하이빌,20230206,40000,42.45,24.88,5.0,,,2015,연립다세대,중개거래,서울 영등포구
2023,11560,영등포구,13300,대림동,,,,,,20230205,77000,248.54,122.0,0.0,,,1996,단독다가구,중개거래,서울 영등포구
2023,11560,영등포구,13200,신길동,1,대지,4964,0000,신길센트럴자이아파트,20230204,96000,59.98,0.0,3.0,,,2021,아파트,중개거래,서울 영등포구
2023,11560,영등포구,11500,당산동5가,1,대지,0009,0003,당산역해링턴타워,20230204,23000,26.56,36.9,19.0,,,2015,오피스텔,중개거래,서울 영등포구
2023,11560,영등포구,13200,신길동,1,대지,3002,0000,남서울,20230204,89000,66.12,0.0,5.0,,,1974,아파트,중개거래,서울 영등포구
2023,11560,영등포구,12700,양평동3가,1,대지,0017,0001,양평동 우림보보카운티 오피스텔,20230204,8300,16.25,24.43,5.0,,20230227,2003,오피스텔,중개거래,서울 영등포구
2023,11560,영등포구,13200,신길동,1,대지,0189,0007,도원빌라(189-7),20230204,30500,59.84,22.5,1.0,,,2001,연립다세대,중개거래,서울 영등포구
2023,11560,영등포구,11700,당산동,1,대지,0121,0135,한가람 The First Ⅱ,20230204,17810,20.51,20.51,4.0,,,2018,오피스텔,직거래,
2023,11560,영등포구,11100,당산동1가,1,대지,0256,0137,(256-137),20230204,26000,28.57,15.77,6.0,,,2015,연립다세대,중개거래,서울 영등포구
2023,11560,영등포구,13200,신길동,1,대지,4950,0000,래미안에스티움,20230204,122000,84.92,0.0,19.0,,,2017,아파트,중개거래,서울 영등포구
2023,11560,영등포구,13200,신길동,1,대지,0261,0022,신길레전드힐스,20230204,10500,13.49,0.0,16.0,,,2013,아파트,중개거래,서울 영등포구
2023,11560,영등포구,12900,양평동5가,1,대지,0076,0000,양평한신,20230204,75000,59.94,0.0,18.0,,,1996,아파트,중개거래,서울 영등포구
2023,11560,영등포구,11600,당산동6가,1,대지,0280,0001,한강 더채움,20230203,43400,29.98,38.1,2.0,,,2022,오피스텔,중개거래,서울 영등포구
2023,11560,영등포구,11400,당산동4가,1,대지,0099,0000,당산롯데캐슬프레스티지,20230203,119000,84.99,0.0,12.0,,,2017,아파트,중개거래,서울 영등포구
2023,11560,영등포구,12600,양평동2가,1,대지,0043,0014,CO-OP Residence/오목교,20230203,7800,16.98,26.58,4.0,,,2004,오피스텔,중개거래,서울 영등포구
2023,11560,영등포구,13300,대림동,1,대지,0785,0001,현대1,20230203,72000,84.75,0.0,20.0,,,1992,아파트,중개거래,서울 영등포구
2023,11560,영등포구,13300,대림동,1,대지,0737,0001,스페이스빌4차(737-1),20230203,24800,45.51,20.88,5.0,,,2003,연립다세대,중개거래,서울 영등포구
2023,11560,영등포구,11000,여의도동,1,대지,0050,0000,시범,20230203,162700,79.24,0.0,12.0,,,1971,아파트,중개거래,서울 영등포구
2023,11560,영등포구,12800,양평동4가,1,대지,0216,0000,선유빌,20230203,20600,29.69,14.21,5.0,,,2010,연립다세대,중개거래,서울 영등포구
2023,11560,영등포구,13300,대림동,1,대지,0851,0100,하나세인스톤,20230202,28700,29.53,14.09,4.0,,,2016,연립다세대,중개거래,서울 영등포구
2023,11560,영등포구,13200,신길동,1,대지,4950,0000,래미안에스티움,20230201,130000,84.93,0.0,13.0,,,2017,아파트,중개거래,서울 영등포구
2023,11560,영등포구,13300,대림동,1,대지,0608,0001,현대3차,20230201,110000,140.54,0.0,28.0,,,1997,아파트,중개거래,서울 영등포구
2023,11560,영등포구,13300,대림동,1,대지,0717,0000,쌍용플래티넘S,20230201,9950,18.24,0.0,10.0,,,2013,아파트,중개거래,서울 영등포구
2023,11560,영등포구,13300,대림동,1,대지,1125,0000,보라매 신동아 파밀리에,20230201,90000,84.91,0.0,9.0,,,2016,아파트,중개거래,서울 영등포구
2023,11560,영등포구,13200,신길동,1,대지,4958,0000,보라매에스케이뷰,20230201,110000,84.98,0.0,12.0,,,2020,아파트,중개거래,서울 영등포구
2023,11560,영등포구,13200,신길동,1,대지,4942,0000,여의도리버뷰,20230131,12000,12.96,0.0,6.0,,,2012,아파트,중개거래,서울 영등포구
2023,11560,영등포구,13200,신길동,1,대지,0365,0000,우성1,20230131,78000,49.64,0.0,13.0,,,1986,아파트,중개거래,서울 영등포구
2023,11560,영등포구,11200,당산동2가,1,대지,0016,0001,당산대우,20230130,56500,45.55,0.0,21.0,,,1999,아파트,중개거래,서울 영등포구
2023,11560,영등포구,12600,양평동2가,1,대지,0043,0011,디에이원파크,20230130,21000,28.02,38.9,8.0,,,2017,오피스텔,직거래,
2023,11560,영등포구,12600,양평동2가,1,대지,0038,0001,삼성래미안,20230129,77000,59.4,0.0,17.0,,,1998,아파트,중개거래,"서울 구로구, 서울 영등포구"
2023,11560,영등포구,12900,양평동5가,1,대지,0076,0000,양평한신,20230129,72000,59.94,0.0,8.0,,,1996,아파트,중개거래,"경기 수원영통구, 서울 영등포구"
2023,11560,영등포구,12100,문래동3가,1,대지,0054,0000,문래자이,20230129,110000,84.98,0.0,1.0,,,2001,아파트,중개거래,서울 영등포구
2023,11560,영등포구,10800,영등포동7가,1,대지,0094,0052,루브르씨티,20230129,30800,28.05,6.61,10.0,,,2019,연립다세대,중개거래,서울 영등포구
2023,11560,영등포구,11400,당산동4가,1,대지,0030,0001,당산현대5차,20230128,88000,59.37,0.0,3.0,,,2000,아파트,중개거래,서울 영등포구
2023,11560,영등포구,11200,당산동2가,1,대지,0164,0000,당산2가현대홈타운,20230128,97000,82.77,0.0,18.0,,,1994,아파트,중개거래,서울 영등포구
2023,11560,영등포구,11000,여의도동,1,대지,0042,0000,한양,20230128,280000,193.03,0.0,7.0,,,1975,아파트,중개거래,서울 영등포구
2023,11560,영등포구,13300,대림동,1,대지,0990,0092,영림아트빌,20230127,36000,60.93,36.15,2.0,,,2002,연립다세대,중개거래,서울 영등포구
2023,11560,영등포구,11500,당산동5가,1,대지,0008,0000,데시앙루브 오피스텔,20230127,22500,28.24,39.53,13.0,,,2014,오피스텔,중개거래,서울 영등포구
2023,11560,영등포구,13200,신길동,1,대지,4969,0000,힐스테이트클래시안,20230126,115000,84.99,0.0,6.0,,,2020,아파트,중개거래,서울 영등포구
2023,11560,영등포구,11500,당산동5가,1,대지,0009,0002,당산 삼성쉐르빌,20230126,20500,25.92,38.75,5.0,,,2013,오피스텔,중개거래,서울 영등포구
2023,11560,영등포구,13200,신길동,1,대지,4964,0000,신길센트럴자이아파트,20230126,96500,59.98,0.0,5.0,,,2021,아파트,중개거래,서울 영등포구
2023,11560,영등포구,11000,여의도동,1,대지,0050,0000,시범,20230126,160000,79.24,0.0,4.0,,,1971,아파트,중개거래,서울 영등포구
2023,11560,영등포구,13300,대림동,1,대지,0607,0001,코오롱,20230125,69400,59.94,0.0,22.0,,,1998,아파트,중개거래,"서울 구로구, 서울 영등포구"
2023,11560,영등포구,13300,대림동,1,대지,0607,0001,코오롱,20230125,63000,59.94,0.0,2.0,,,1998,아파트,중개거래,서울 영등포구
2023,11560,영등포구,12400,문래동6가,1,대지,0016,0000,문래파라곤 201동,20230125,51500,68.85,85.16,15.0,,,2005,오피스텔,중개거래,서울 영등포구
2023,11560,영등포구,10300,영등포동2가,1,대지,0214,0000,여의샛강 소미골드5차,20230125,26500,19.85,27.13,10.0,,,2022,오피스텔,직거래,
2023,11560,영등포구,11200,당산동2가,1,대지,0164,0000,당산2가현대홈타운,20230121,100000,82.77,0.0,15.0,,,1994,아파트,중개거래,서울 영등포구
2023,11560,영등포구,11600,당산동6가,1,대지,0328,0009,강변연립(328-9),20230120,35000,65.49,57.9,1.0,,,1976,연립다세대,중개거래,서울 영등포구
2023,11560,영등포구,13300,대림동,1,대지,0665,0008,더스카이뷰,20230120,38500,27.49,11.36,10.0,,,2021,연립다세대,중개거래,서울 관악구
2023,11560,영등포구,10800,영등포동7가,1,대지,0104,0005,여의도 웨스턴 힐 오피스텔,20230120,27878,17.38,26.11,6.0,,,2022,오피스텔,직거래,
2023,11560,영등포구,10800,영등포동7가,1,대지,0104,0005,여의도 웨스턴 힐 오피스텔,20230120,27562,17.38,26.11,4.0,,,2022,오피스텔,직거래,
2023,11560,영등포구,10800,영등포동7가,1,대지,0104,0005,여의도 웨스턴 힐 오피스텔,20230120,28509,17.38,26.11,11.0,,,2022,오피스텔,직거래,
2023,11560,영등포구,13200,신길동,1,대지,4950,0000,래미안에스티움,20230120,120000,84.97,0.0,13.0,,,2017,아파트,중개거래,서울 구로구
2023,11560,영등포구,12700,양평동3가,1,대지,0017,0001,양평동 우림보보카운티 오피스텔,20230120,8450,17.27,25.96,11.0,,,2003,오피스텔,중개거래,서울 영등포구
2023,11560,영등포구,13200,신길동,1,대지,0365,0000,우성1,20230120,80000,64.4,0.0,7.0,,,1986,아파트,중개거래,"서울 동작구, 서울 영등포구"
2023,11560,영등포구,11000,여의도동,1,대지,0050,0000,시범,20230119,204000,118.12,0.0,3.0,,,1971,아파트,중개거래,서울 영등포구
2023,11560,영등포구,10800,영등포동7가,1,대지,0104,0005,여의도 웨스턴 힐 오피스텔,20230119,27878,17.38,26.11,6.0,,,2022,오피스텔,직거래,
2023,11560,영등포구,10800,영등포동7가,1,대지,0104,0005,여의도 웨스턴 힐 오피스텔,20230119,28299,17.38,26.11,9.0,,,2022,오피스텔,직거래,
2023,11560,영등포구,10800,영등포동7가,1,대지,0104,0005,여의도 웨스턴 힐 오피스텔,20230119,28562,17.38,26.11,12.0,,,2022,오피스텔,직거래,
2023,11560,영등포구,13200,신길동,1,대지,0897,0001,삼환,20230118,90000,59.53,0.0,22.0,,,1997,아파트,중개거래,서울 동작구
2023,11560,영등포구,13200,신길동,1,대지,4950,0000,래미안에스티움,20230118,123000,84.97,0.0,5.0,,,2017,아파트,중개거래,서울 영등포구
2023,11560,영등포구,10800,영등포동7가,1,대지,0094,0101,한가람 더원 201동,20230118,27800,24.97,24.97,14.0,,,2022,오피스텔,중개거래,서울 영등포구
2023,11560,영등포구,13200,신길동,1,대지,0410,0145,미성빌라,20230117,96000,46.14,46.58,3.0,,,1987,연립다세대,중개거래,서울 영등포구
2023,11560,영등포구,10800,영등포동7가,1,대지,0208,0000,포레나영등포센트럴,20230117,95000,59.9,0.0,11.0,,20230227,2020,아파트,중개거래,서울 영등포구
2023,11560,영등포구,10800,영등포동7가,1,대지,0029,0053,여의도시티뷰,20230116,27825,36.56,10.95,6.0,,,2017,연립다세대,직거래,
2023,11560,영등포구,13300,대림동,,,,,,20230116,81000,182.28,122.0,0.0,,,1988,단독다가구,중개거래,서울 영등포구
2023,11560,영등포구,10500,영등포동4가,1,대지,0443,0000,영등포 센트럴 푸르지오 시티,20230116,23900,29.75,41.85,20.0,,,2013,오피스텔,중개거래,서울 영등포구
2023,11560,영등포구,10500,영등포동4가,1,대지,0443,0000,영등포 센트럴 푸르지오 시티,20230116,23900,29.75,41.85,20.0,,20230607,2013,오피스텔,중개거래,서울 영등포구
2023,11560,영등포구,11400,당산동4가,1,대지,0088,0000,당산현대3차,20230116,85000,59.26,0.0,7.0,,,1988,아파트,중개거래,"서울 서초구, 서울 영등포구"
2023,11560,영등포구,11700,당산동,1,대지,0374,0000,래미안당산1차,20230116,80000,59.97,0.0,8.0,,,1995,아파트,중개거래,서울 영등포구
2023,11560,영등포구,10400,영등포동3가,1,대지,0001,0009,소담더블린,20230115,10500,15.64,27.35,4.0,,,2018,오피스텔,중개거래,서울 영등포구
2023,11560,영등포구,13200,신길동,1,대지,4969,0000,힐스테이트클래시안,20230115,90000,59.87,0.0,2.0,,,2020,아파트,중개거래,서울 영등포구
2023,11560,영등포구,11000,여의도동,1,대지,0017,0016,D.S라르,20230115,33900,29.94,48.33,6.0,,,2021,오피스텔,중개거래,서울 영등포구
2023,11560,영등포구,10800,영등포동7가,1,대지,0094,0051,훼미리하우스117,20230114,13300,16.98,0.0,9.0,,,2012,아파트,중개거래,서울 영등포구
2023,11560,영등포구,12300,문래동5가,1,대지,0023,0004,명지 페르마타,20230114,10900,25.93,35.2,8.0,,,2004,오피스텔,중개거래,서울 영등포구
2023,11560,영등포구,13300,대림동,1,대지,1101,0001,(1101-1),20230114,11400,14.81,0.0,5.0,,,2012,아파트,중개거래,서울 영등포구
2023,11560,영등포구,13200,신길동,1,대지,4967,0000,신길파크자이,20230114,90000,59.95,0.0,20.0,,,2022,아파트,중개거래,서울 영등포구
2023,11560,영등포구,10300,영등포동2가,1,대지,0094,0314,두리하임,20230114,23800,27.18,10.0,9.0,,,2016,연립다세대,중개거래,서울 영등포구
2023,11560,영등포구,11000,여의도동,1,대지,0012,0003,(주)신한 여의도 드림리버 오피스텔,20230114,24000,24.5,36.7,5.0,,,2019,오피스텔,중개거래,서울 영등포구
2023,11560,영등포구,10300,영등포동2가,1,대지,0139,0000,여의도리미티오148,20230113,36000,23.89,0.0,18.0,,,2022,아파트,중개거래,서울 강남구
2023,11560,영등포구,11100,당산동1가,1,대지,0186,0072,파비앵 105동,20230113,25000,45.45,56.64,2.0,,,2018,오피스텔,직거래,
2023,11560,영등포구,13200,신길동,1,대지,4955,0000,신길센트럴아이파크,20230113,110000,84.98,0.0,13.0,,,2019,아파트,중개거래,서울 영등포구
2023,11560,영등포구,10100,영등포동,1,대지,0648,0000,순영웰라이빌,20230113,65000,84.88,0.0,14.0,,,2002,아파트,중개거래,서울 영등포구
2023,11560,영등포구,12500,양평동1가,1,대지,0213,0001,성운하우징,20230113,34500,29.81,15.75,7.0,,,2020,연립다세대,중개거래,서울 영등포구
2023,11560,영등포구,13300,대림동,1,대지,0687,0001,성락,20230113,23500,38.24,0.0,8.0,,,1989,아파트,중개거래,서울 영등포구
2023,11560,영등포구,11100,당산동1가,1,대지,0256,0137,(256-137),20230113,24500,27.11,14.96,5.0,,,2015,연립다세대,중개거래,서울 영등포구
2023,11560,영등포구,11300,당산동3가,1,대지,0566,0000,당산계룡리슈빌2단지,20230113,67500,42.47,0.0,12.0,,,2014,아파트,중개거래,서울 영등포구
2023,11560,영등포구,13000,양평동6가,1,대지,0081,0000,금강노블레스,20230112,35000,31.47,40.26,12.0,,20230201,2022,오피스텔,직거래,
2023,11560,영등포구,13000,양평동6가,1,대지,0100,0000,동양,20230112,80000,84.85,0.0,8.0,,,2000,아파트,중개거래,서울 영등포구
2023,11560,영등포구,11000,여의도동,1,대지,0037,0000,미성,20230111,180000,101.29,0.0,9.0,,,1978,아파트,중개거래,서울 영등포구
2023,11560,영등포구,10800,영등포동7가,1,대지,0208,0000,포레나영등포센트럴,20230111,95000,59.9,0.0,11.0,,,2020,아파트,중개거래,서울 영등포구
2023,11560,영등포구,10900,영등포동8가,1,대지,0042,0001,한양아이클래스 오피스텔,20230111,14000,19.86,28.98,6.0,,,2014,오피스텔,중개거래,서울 영등포구
2023,11560,영등포구,13300,대림동,1,대지,1101,0007,G밸리소홈,20230111,13950,20.21,30.74,3.0,,,2018,오피스텔,중개거래,서울 영등포구
2023,11560,영등포구,13300,대림동,1,대지,0777,0001,신동아,20230111,53000,84.85,0.0,15.0,,,1987,아파트,중개거래,서울 영등포구
2023,11560,영등포구,13200,신길동,1,대지,4934,0000,삼성래미안,20230111,82000,84.91,0.0,8.0,,,2001,아파트,중개거래,서울 영등포구
2023,11560,영등포구,12300,문래동5가,1,대지,0023,0004,명지 페르마타,20230111,12500,28.36,38.5,7.0,,,2004,오피스텔,중개거래,서울 영등포구
2023,11560,영등포구,11000,여의도동,1,대지,0037,0000,미성,20230111,180000,101.29,0.0,9.0,,20230120,1978,아파트,중개거래,서울 영등포구
2023,11560,영등포구,10800,영등포동7가,1,대지,0029,0130,근상프리즘,20230110,12000,21.06,21.06,3.0,,,2010,오피스텔,중개거래,서울 영등포구
2023,11560,영등포구,13300,대림동,1,대지,1101,0001,(1101-1),20230110,11500,14.46,0.0,5.0,,,2012,아파트,중개거래,서울 영등포구
2023,11560,영등포구,11000,여의도동,1,대지,0030,0002,삼부,20230110,200000,106.38,0.0,2.0,,,1975,아파트,중개거래,서울 영등포구
2023,11560,영등포구,13200,신길동,1,대지,4950,0000,래미안에스티움,20230109,118000,84.92,0.0,8.0,,,2017,아파트,중개거래,서울 영등포구
2023,11560,영등포구,13200,신길동,1,대지,4969,0000,힐스테이트클래시안,20230109,93000,59.91,0.0,7.0,,,2020,아파트,중개거래,서울 영등포구
2023,11560,영등포구,10100,영등포동,1,대지,0620,0303,파크캐슬,20230109,18000,28.93,16.5,3.0,,,2017,연립다세대,직거래,
2023,11560,영등포구,12800,양평동4가,1,대지,0170,0000,파크빌Ⅱ,20230109,19800,30.0,15.2,5.0,,,2010,연립다세대,중개거래,서울 영등포구
2023,11560,영등포구,11000,여의도동,1,대지,0043,0004,롯데캐슬아이비,20230109,180000,150.8,0.0,11.0,,,2005,아파트,중개거래,서울 영등포구
2023,11560,영등포구,11000,여의도동,1,대지,0050,0000,시범,20230109,150000,79.24,0.0,8.0,,,1971,아파트,중개거래,서울 영등포구
2023,11560,영등포구,13200,신길동,1,대지,4955,0000,신길센트럴아이파크,20230109,87500,59.97,0.0,10.0,,,2019,아파트,중개거래,서울 영등포구
2023,11560,영등포구,10200,영등포동1가,1,대지,0075,0004,스테이72여의도,20230107,13300,12.4,0.0,11.0,,,2013,아파트,중개거래,서울 관악구
2023,11560,영등포구,13200,신길동,1,대지,4780,0000,보라매경남아너스빌,20230107,86000,84.79,0.0,6.0,,,2005,아파트,중개거래,"서울 동작구, 서울 영등포구"
2023,11560,영등포구,13200,신길동,1,대지,4780,0000,보라매경남아너스빌,20230107,86000,84.79,0.0,6.0,,20230306,2005,아파트,중개거래,"서울 동작구, 서울 영등포구"
2023,11560,영등포구,13200,신길동,1,대지,4950,0000,래미안에스티움,20230107,119000,84.93,0.0,13.0,,,2017,아파트,중개거래,서울 영등포구
2023,11560,영등포구,13200,신길동,1,대지,4950,0000,래미안에스티움,20230107,97000,59.95,0.0,7.0,,,2017,아파트,중개거래,서울 영등포구
2023,11560,영등포구,12100,문래동3가,1,대지,0099,0000,예지팰리스77차,20230107,48000,52.96,0.0,11.0,,,2015,아파트,중개거래,"서울 광진구, 서울 영등포구"
2023,11560,영등포구,13300,대림동,1,대지,0717,0000,쌍용플래티넘S,20230107,9500,18.24,0.0,6.0,,,2013,아파트,중개거래,서울 영등포구
2023,11560,영등포구,13200,신길동,1,대지,4955,0000,신길센트럴아이파크,20230107,90000,59.97,0.0,20.0,,,2019,아파트,중개거래,서울 영등포구
2023,11560,영등포구,10300,영등포동2가,1,대지,0094,0119,	(94-119)	,20230106,6800,25.74,37.74,8.0,,,1992,오피스텔,직거래,
2023,11560,영등포구,11500,당산동5가,1,대지,0008,0000,데시앙루브 오피스텔,20230106,24300,28.24,39.53,6.0,,,2014,오피스텔,중개거래,서울 영등포구
2023,11560,영등포구,13300,대림동,1,대지,0863,0009,"유성빌라가,나동(863-9)",20230106,18000,32.64,16.75,1.0,,,1992,연립다세대,중개거래,서울 영등포구
2023,11560,영등포구,13300,대림동,1,대지,0972,0007,낙원빌라(972-7),20230105,38000,74.16,31.68,3.0,,,1998,연립다세대,중개거래,서울 영등포구
2023,11560,영등포구,12600,양평동2가,1,대지,0043,0014,CO-OP Residence/오목교,20230105,10600,26.38,41.3,4.0,,,2004,오피스텔,중개거래,서울 영등포구
2023,11560,영등포구,11000,여의도동,1,대지,0028,0000,광장,20230105,225000,141.75,0.0,1.0,,,1978,아파트,중개거래,서울 영등포구
2023,11560,영등포구,10200,영등포동1가,1,대지,0113,0001,여의도씨티아이,20230104,13250,12.59,0.0,16.0,,,2013,아파트,중개거래,서울 영등포구
2023,11560,영등포구,10100,영등포동,,,,,,20230104,82000,251.76,137.0,0.0,,,1999,단독다가구,직거래,
2023,11560,영등포구,10200,영등포동1가,1,대지,0113,0001,여의도씨티아이,20230104,13500,12.59,0.0,15.0,,,2013,아파트,중개거래,서울 영등포구
2023,11560,영등포구,10700,영등포동6가,1,대지,0121,0010,신현빌6차,20230104,29500,21.96,28.66,3.0,,,2021,오피스텔,직거래,
2023,11560,영등포구,10200,영등포동1가,1,대지,0113,0001,여의도씨티아이,20230104,13400,12.89,0.0,16.0,,,2013,아파트,중개거래,서울 마포구
2023,11560,영등포구,10400,영등포동3가,1,대지,0001,0009,소담더블린,20230104,8200,15.64,27.35,6.0,,,2018,오피스텔,중개거래,서울 영등포구
2023,11560,영등포구,10700,영등포동6가,1,대지,0121,0010,신현빌6차,20230104,29500,22.52,29.39,2.0,,,2021,오피스텔,직거래,
2023,11560,영등포구,12800,양평동4가,1,대지,0238,0002,선유도한강오피스텔,20230104,30000,34.23,41.89,3.0,,,2017,오피스텔,중개거래,서울 영등포구
2023,11560,영등포구,10200,영등포동1가,1,대지,0092,0004,여의도투웨니퍼스트,20230102,40000,29.97,6.89,14.0,,,2018,연립다세대,직거래,
2023,11560,영등포구,13300,대림동,1,대지,1101,0001,(1101-1),20230102,10500,14.81,0.0,7.0,,,2012,아파트,중개거래,서울 영등포구
2023,11560,영등포구,12900,양평동5가,1,대지,0076,0000,양평한신,20221231,77000,59.94,0.0,11.0,,,1996,아파트,중개거래,서울 영등포구
2023,11560,영등포구,10200,영등포동1가,1,대지,0113,0001,여의도씨티아이,20221230,13390,12.59,0.0,14.0,,,2013,아파트,직거래,
2023,11560,영등포구,11700,당산동,1,대지,0376,0000,강변래미안,20221229,100000,79.05,0.0,12.0,,,2002,아파트,중개거래,서울 영등포구
2023,11560,영등포구,13300,대림동,1,대지,0663,0000,성강케렌시아,20221229,27800,29.97,19.56,4.0,,,2020,연립다세대,중개거래,서울 양천구
2023,11560,영등포구,13200,신길동,1,대지,4958,0000,보라매에스케이뷰,20221227,90000,59.98,0.0,25.0,,,2020,아파트,중개거래,"서울 양천구, 서울 영등포구"
2023,11560,영등포구,10300,영등포동2가,1,대지,0333,0000,지뗌,20221227,14000,29.93,41.85,10.0,,,2004,오피스텔,중개거래,서울 영등포구
2023,11560,영등포구,12500,양평동1가,1,대지,0147,0000,어반힐,20221226,30000,26.25,0.0,9.0,,,2019,아파트,직거래,
2023,11560,영등포구,12100,문래동3가,1,대지,0082,0007,문래 THE HAUS,20221226,36500,28.34,38.91,5.0,,,2022,오피스텔,직거래,
2023,11560,영등포구,10800,영등포동7가,1,대지,0104,0005,여의도 웨스턴 힐 오피스텔,20221223,26405,17.38,26.11,3.0,,,2022,오피스텔,직거래,
2023,11560,영등포구,10200,영등포동1가,1,대지,0127,0000,신한헤스티아,20221223,14400,18.01,28.65,9.0,,,2016,오피스텔,중개거래,서울 영등포구
2023,11560,영등포구,10200,영등포동1가,1,대지,0127,0000,신한헤스티아,20221222,14400,18.01,28.65,9.0,,20230113,2016,오피스텔,중개거래,서울 영등포구
2023,11560,영등포구,12800,양평동4가,1,대지,0051,0001,경남아너스빌,20221222,65000,70.94,0.0,5.0,,,2000,아파트,중개거래,서울 영등포구
2023,11560,영등포구,11400,당산동4가,1,대지,0099,0000,당산롯데캐슬프레스티지,20221222,119000,84.99,0.0,20.0,,,2017,아파트,중개거래,서울 영등포구
2023,11560,영등포구,10200,영등포동1가,1,대지,0127,0000,신한헤스티아,20221222,14500,18.01,28.65,6.0,,,2016,오피스텔,중개거래,서울 영등포구
2023,11560,영등포구,12800,양평동4가,1,대지,0217,0000,양화빌1차,20221221,20000,29.85,15.84,5.0,,,2010,연립다세대,중개거래,서울 영등포구
2023,11560,영등포구,11800,도림동,,,,,,20221219,66000,98.25,76.0,0.0,,,1994,단독다가구,중개거래,서울 영등포구
2023,11560,영등포구,13000,양평동6가,1,대지,0081,0000,금강노블레스,20221219,44000,35.54,45.12,14.0,,20230201,2022,오피스텔,직거래,
2023,11560,영등포구,10800,영등포동7가,1,대지,0104,0005,여의도 웨스턴 힐 오피스텔,20221219,26616,17.38,26.11,3.0,,,2022,오피스텔,직거래,
2023,11560,영등포구,13300,대림동,1,대지,0851,0100,하나세인스톤,20221213,26000,29.2,13.93,4.0,,,2016,연립다세대,중개거래,서울 영등포구
2023,11560,영등포구,10800,영등포동7가,1,대지,0208,0000,포레나 영등포 센트럴,20221102,20600,19.31,35.15,21.0,,20230130,2020,오피스텔,중개거래,서울 영등포구
